--------------------------------------------------------
--  파일이 생성됨 - 금요일-6월-05-2026   
--------------------------------------------------------
--------------------------------------------------------
--  DDL for Table SNS_ACT_SCORE
--------------------------------------------------------

  CREATE TABLE "SYSTEM"."SNS_ACT_SCORE" 
   (	"SCORE_NO" NUMBER, 
	"ACT_TYPE" CHAR(3 BYTE), 
	"SCORE" NUMBER, 
	"DESCRIPTION" VARCHAR2(300 BYTE), 
	"USE_YN" CHAR(1 BYTE) DEFAULT 'N'
   ) PCTFREE 10 PCTUSED 40 INITRANS 1 MAXTRANS 255 
 NOCOMPRESS LOGGING
  STORAGE(INITIAL 65536 NEXT 1048576 MINEXTENTS 1 MAXEXTENTS 2147483645
  PCTINCREASE 0 FREELISTS 1 FREELIST GROUPS 1
  BUFFER_POOL DEFAULT FLASH_CACHE DEFAULT CELL_FLASH_CACHE DEFAULT)
  TABLESPACE "SYSTEM" ;
--------------------------------------------------------
--  DDL for Table SNS_AD_LINK
--------------------------------------------------------

  CREATE TABLE "SYSTEM"."SNS_AD_LINK" 
   (	"LINK_NO" NUMBER, 
	"POST_NO" NUMBER, 
	"LINK_NAME" VARCHAR2(100 BYTE), 
	"LINK_URL" VARCHAR2(1000 BYTE), 
	"LINK_ICON" VARCHAR2(30 BYTE), 
	"LINK_ORDER" NUMBER DEFAULT 1, 
	"CDATE" DATE DEFAULT SYSDATE
   ) PCTFREE 10 PCTUSED 40 INITRANS 1 MAXTRANS 255 
 NOCOMPRESS LOGGING
  STORAGE(INITIAL 65536 NEXT 1048576 MINEXTENTS 1 MAXEXTENTS 2147483645
  PCTINCREASE 0 FREELISTS 1 FREELIST GROUPS 1
  BUFFER_POOL DEFAULT FLASH_CACHE DEFAULT CELL_FLASH_CACHE DEFAULT)
  TABLESPACE "SYSTEM" ;
--------------------------------------------------------
--  DDL for Table SNS_AD_POST_TAG
--------------------------------------------------------

  CREATE TABLE "SYSTEM"."SNS_AD_POST_TAG" 
   (	"AD_POST_TAG_NO" NUMBER, 
	"POST_NO" NUMBER, 
	"AD_TAG_NO" NUMBER, 
	"CDATE" DATE DEFAULT SYSDATE
   ) PCTFREE 10 PCTUSED 40 INITRANS 1 MAXTRANS 255 
 NOCOMPRESS LOGGING
  STORAGE(INITIAL 65536 NEXT 1048576 MINEXTENTS 1 MAXEXTENTS 2147483645
  PCTINCREASE 0 FREELISTS 1 FREELIST GROUPS 1
  BUFFER_POOL DEFAULT FLASH_CACHE DEFAULT CELL_FLASH_CACHE DEFAULT)
  TABLESPACE "SYSTEM" ;
--------------------------------------------------------
--  DDL for Table SNS_AD_TAG
--------------------------------------------------------

  CREATE TABLE "SYSTEM"."SNS_AD_TAG" 
   (	"AD_TAG_NO" NUMBER, 
	"AD_TAG_NAME" VARCHAR2(100 BYTE), 
	"USE_YN" CHAR(1 BYTE) DEFAULT 'Y', 
	"CDATE" DATE DEFAULT SYSDATE
   ) PCTFREE 10 PCTUSED 40 INITRANS 1 MAXTRANS 255 
 NOCOMPRESS LOGGING
  STORAGE(INITIAL 65536 NEXT 1048576 MINEXTENTS 1 MAXEXTENTS 2147483645
  PCTINCREASE 0 FREELISTS 1 FREELIST GROUPS 1
  BUFFER_POOL DEFAULT FLASH_CACHE DEFAULT CELL_FLASH_CACHE DEFAULT)
  TABLESPACE "SYSTEM" ;
--------------------------------------------------------
--  DDL for Table SNS_AUTH_CODE
--------------------------------------------------------

  CREATE TABLE "SYSTEM"."SNS_AUTH_CODE" 
   (	"AUTH_ID" NUMBER, 
	"USER_PHONE" VARCHAR2(20 BYTE), 
	"AUTH_CODE" VARCHAR2(10 BYTE), 
	"AUTH_STATUS" CHAR(1 BYTE) DEFAULT 'N', 
	"EXPIRE_TIME" DATE, 
	"CDATE" DATE DEFAULT SYSDATE
   ) PCTFREE 10 PCTUSED 40 INITRANS 1 MAXTRANS 255 
 NOCOMPRESS LOGGING
  STORAGE(INITIAL 65536 NEXT 1048576 MINEXTENTS 1 MAXEXTENTS 2147483645
  PCTINCREASE 0 FREELISTS 1 FREELIST GROUPS 1
  BUFFER_POOL DEFAULT FLASH_CACHE DEFAULT CELL_FLASH_CACHE DEFAULT)
  TABLESPACE "SYSTEM" ;
--------------------------------------------------------
--  DDL for Table SNS_CATEGORY
--------------------------------------------------------

  CREATE TABLE "SYSTEM"."SNS_CATEGORY" 
   (	"CATEGORY_NO" NUMBER, 
	"CATEGORY_NAME" VARCHAR2(100 BYTE), 
	"USE_YN" CHAR(1 BYTE) DEFAULT 'Y'
   ) PCTFREE 10 PCTUSED 40 INITRANS 1 MAXTRANS 255 
 NOCOMPRESS LOGGING
  STORAGE(INITIAL 65536 NEXT 1048576 MINEXTENTS 1 MAXEXTENTS 2147483645
  PCTINCREASE 0 FREELISTS 1 FREELIST GROUPS 1
  BUFFER_POOL DEFAULT FLASH_CACHE DEFAULT CELL_FLASH_CACHE DEFAULT)
  TABLESPACE "SYSTEM" ;
--------------------------------------------------------
--  DDL for Table SNS_COMMENTS
--------------------------------------------------------

  CREATE TABLE "SYSTEM"."SNS_COMMENTS" 
   (	"COMMENT_NO" NUMBER, 
	"USER_ID" VARCHAR2(100 BYTE), 
	"POST_NO" NUMBER, 
	"PARENT_COMMENT_NO" NUMBER, 
	"CONTENT" VARCHAR2(1000 BYTE), 
	"CMT_STATUS" CHAR(3 BYTE) DEFAULT 'ACT', 
	"CDATE" DATE DEFAULT SYSDATE, 
	"MENTION_USER_ID" VARCHAR2(100 BYTE)
   ) PCTFREE 10 PCTUSED 40 INITRANS 1 MAXTRANS 255 
 NOCOMPRESS LOGGING
  STORAGE(INITIAL 65536 NEXT 1048576 MINEXTENTS 1 MAXEXTENTS 2147483645
  PCTINCREASE 0 FREELISTS 1 FREELIST GROUPS 1
  BUFFER_POOL DEFAULT FLASH_CACHE DEFAULT CELL_FLASH_CACHE DEFAULT)
  TABLESPACE "SYSTEM" ;
--------------------------------------------------------
--  DDL for Table SNS_DM_MESSAGE
--------------------------------------------------------

  CREATE TABLE "SYSTEM"."SNS_DM_MESSAGE" 
   (	"MESSAGE_NO" NUMBER, 
	"USER_ID" VARCHAR2(100 BYTE), 
	"ROOM_NO" NUMBER, 
	"MESSAGE" CLOB, 
	"READ_YN" CHAR(1 BYTE) DEFAULT 'N', 
	"CDATE" DATE DEFAULT SYSDATE
   ) PCTFREE 10 PCTUSED 40 INITRANS 1 MAXTRANS 255 
 NOCOMPRESS LOGGING
  STORAGE(INITIAL 65536 NEXT 1048576 MINEXTENTS 1 MAXEXTENTS 2147483645
  PCTINCREASE 0 FREELISTS 1 FREELIST GROUPS 1
  BUFFER_POOL DEFAULT FLASH_CACHE DEFAULT CELL_FLASH_CACHE DEFAULT)
  TABLESPACE "SYSTEM" 
 LOB ("MESSAGE") STORE AS BASICFILE (
  TABLESPACE "SYSTEM" ENABLE STORAGE IN ROW 4000 CHUNK 8192 RETENTION 
  NOCACHE LOGGING 
  STORAGE(INITIAL 65536 NEXT 1048576 MINEXTENTS 1 MAXEXTENTS 2147483645
  PCTINCREASE 0 FREELISTS 1 FREELIST GROUPS 1
  BUFFER_POOL DEFAULT FLASH_CACHE DEFAULT CELL_FLASH_CACHE DEFAULT)) ;
--------------------------------------------------------
--  DDL for Table SNS_DM_ROOM
--------------------------------------------------------

  CREATE TABLE "SYSTEM"."SNS_DM_ROOM" 
   (	"ROOM_NO" NUMBER, 
	"CDATE" DATE DEFAULT SYSDATE
   ) PCTFREE 10 PCTUSED 40 INITRANS 1 MAXTRANS 255 
 NOCOMPRESS LOGGING
  STORAGE(INITIAL 65536 NEXT 1048576 MINEXTENTS 1 MAXEXTENTS 2147483645
  PCTINCREASE 0 FREELISTS 1 FREELIST GROUPS 1
  BUFFER_POOL DEFAULT FLASH_CACHE DEFAULT CELL_FLASH_CACHE DEFAULT)
  TABLESPACE "SYSTEM" ;
--------------------------------------------------------
--  DDL for Table SNS_DM_ROOM_USER
--------------------------------------------------------

  CREATE TABLE "SYSTEM"."SNS_DM_ROOM_USER" 
   (	"ROOM_USER_NO" NUMBER, 
	"USER_ID" VARCHAR2(100 BYTE), 
	"ROOM_NO" NUMBER, 
	"LAST_READ_MESSAGE_NO" NUMBER, 
	"CDATE" DATE DEFAULT SYSDATE
   ) PCTFREE 10 PCTUSED 40 INITRANS 1 MAXTRANS 255 
 NOCOMPRESS LOGGING
  STORAGE(INITIAL 65536 NEXT 1048576 MINEXTENTS 1 MAXEXTENTS 2147483645
  PCTINCREASE 0 FREELISTS 1 FREELIST GROUPS 1
  BUFFER_POOL DEFAULT FLASH_CACHE DEFAULT CELL_FLASH_CACHE DEFAULT)
  TABLESPACE "SYSTEM" ;
--------------------------------------------------------
--  DDL for Table SNS_FAVORITE_FOLDER
--------------------------------------------------------

  CREATE TABLE "SYSTEM"."SNS_FAVORITE_FOLDER" 
   (	"FOLDER_NO" NUMBER, 
	"USER_ID" VARCHAR2(100 BYTE), 
	"FOLDER_NAME" VARCHAR2(100 BYTE), 
	"FOLDER_INFO" VARCHAR2(500 BYTE), 
	"IS_SHARED" CHAR(1 BYTE), 
	"CDATE" DATE DEFAULT SYSDATE
   ) PCTFREE 10 PCTUSED 40 INITRANS 1 MAXTRANS 255 
 NOCOMPRESS LOGGING
  STORAGE(INITIAL 65536 NEXT 1048576 MINEXTENTS 1 MAXEXTENTS 2147483645
  PCTINCREASE 0 FREELISTS 1 FREELIST GROUPS 1
  BUFFER_POOL DEFAULT FLASH_CACHE DEFAULT CELL_FLASH_CACHE DEFAULT)
  TABLESPACE "SYSTEM" ;
--------------------------------------------------------
--  DDL for Table SNS_FAVORITE_PLACE
--------------------------------------------------------

  CREATE TABLE "SYSTEM"."SNS_FAVORITE_PLACE" 
   (	"FAVORITE_NO" NUMBER, 
	"FOLDER_NO" NUMBER, 
	"USER_ID" VARCHAR2(100 BYTE), 
	"PLACE_NAME" VARCHAR2(200 BYTE), 
	"PLACE_ADDRESS" VARCHAR2(300 BYTE), 
	"LAT" NUMBER, 
	"LNG" NUMBER, 
	"MEMO" VARCHAR2(500 BYTE), 
	"CDATE" DATE DEFAULT SYSDATE
   ) PCTFREE 10 PCTUSED 40 INITRANS 1 MAXTRANS 255 
 NOCOMPRESS LOGGING
  STORAGE(INITIAL 65536 NEXT 1048576 MINEXTENTS 1 MAXEXTENTS 2147483645
  PCTINCREASE 0 FREELISTS 1 FREELIST GROUPS 1
  BUFFER_POOL DEFAULT FLASH_CACHE DEFAULT CELL_FLASH_CACHE DEFAULT)
  TABLESPACE "SYSTEM" ;
--------------------------------------------------------
--  DDL for Table SNS_FOLLOW_REQUEST
--------------------------------------------------------

  CREATE TABLE "SYSTEM"."SNS_FOLLOW_REQUEST" 
   (	"REQUEST_NO" NUMBER, 
	"REQUESTER_ID" VARCHAR2(100 BYTE), 
	"RECEIVER_ID" VARCHAR2(100 BYTE), 
	"REQUEST_STATUS" CHAR(3 BYTE) DEFAULT 'REQ', 
	"CDATE" DATE DEFAULT SYSDATE, 
	"UDATE" DATE
   ) PCTFREE 10 PCTUSED 40 INITRANS 1 MAXTRANS 255 
 NOCOMPRESS LOGGING
  STORAGE(INITIAL 65536 NEXT 1048576 MINEXTENTS 1 MAXEXTENTS 2147483645
  PCTINCREASE 0 FREELISTS 1 FREELIST GROUPS 1
  BUFFER_POOL DEFAULT FLASH_CACHE DEFAULT CELL_FLASH_CACHE DEFAULT)
  TABLESPACE "SYSTEM" ;
--------------------------------------------------------
--  DDL for Table SNS_FOLLOWS
--------------------------------------------------------

  CREATE TABLE "SYSTEM"."SNS_FOLLOWS" 
   (	"FOLLOW_NO" NUMBER, 
	"FOLLOWER_ID" VARCHAR2(100 BYTE), 
	"FOLLOWING_ID" VARCHAR2(100 BYTE), 
	"CDATE" DATE DEFAULT SYSDATE
   ) PCTFREE 10 PCTUSED 40 INITRANS 1 MAXTRANS 255 
 NOCOMPRESS LOGGING
  STORAGE(INITIAL 65536 NEXT 1048576 MINEXTENTS 1 MAXEXTENTS 2147483645
  PCTINCREASE 0 FREELISTS 1 FREELIST GROUPS 1
  BUFFER_POOL DEFAULT FLASH_CACHE DEFAULT CELL_FLASH_CACHE DEFAULT)
  TABLESPACE "SYSTEM" ;
--------------------------------------------------------
--  DDL for Table SNS_NOTIFICATION
--------------------------------------------------------

  CREATE TABLE "SYSTEM"."SNS_NOTIFICATION" 
   (	"NOTI_NO" NUMBER, 
	"USER_ID" VARCHAR2(100 BYTE), 
	"SENDER_ID" VARCHAR2(100 BYTE), 
	"NOTI_TYPE" CHAR(3 BYTE), 
	"TARGET_TYPE" CHAR(3 BYTE), 
	"TARGET_ID" NUMBER, 
	"CONTENT" VARCHAR2(500 BYTE), 
	"READ_YN" CHAR(1 BYTE) DEFAULT 'N', 
	"CDATE" DATE DEFAULT SYSDATE
   ) PCTFREE 10 PCTUSED 40 INITRANS 1 MAXTRANS 255 
 NOCOMPRESS LOGGING
  STORAGE(INITIAL 65536 NEXT 1048576 MINEXTENTS 1 MAXEXTENTS 2147483645
  PCTINCREASE 0 FREELISTS 1 FREELIST GROUPS 1
  BUFFER_POOL DEFAULT FLASH_CACHE DEFAULT CELL_FLASH_CACHE DEFAULT)
  TABLESPACE "SYSTEM" ;
--------------------------------------------------------
--  DDL for Table SNS_POST
--------------------------------------------------------

  CREATE TABLE "SYSTEM"."SNS_POST" 
   (	"POST_NO" NUMBER, 
	"USER_ID" VARCHAR2(100 BYTE), 
	"CATEGORY_NO" NUMBER, 
	"TITLE" VARCHAR2(200 BYTE), 
	"CONTENT" CLOB, 
	"PLACE_NAME" VARCHAR2(200 BYTE), 
	"PLACE_ADDRESS" VARCHAR2(300 BYTE), 
	"LAT" NUMBER, 
	"LNG" NUMBER, 
	"CMT_YN" CHAR(1 BYTE) DEFAULT 'Y', 
	"IS_AD" CHAR(1 BYTE) DEFAULT 'N', 
	"VIEW_COUNT" NUMBER DEFAULT 0, 
	"FEED_STATUS" CHAR(3 BYTE) DEFAULT 'ACT', 
	"CDATE" DATE DEFAULT SYSDATE, 
	"UDATE" DATE
   ) PCTFREE 10 PCTUSED 40 INITRANS 1 MAXTRANS 255 
 NOCOMPRESS LOGGING
  STORAGE(INITIAL 65536 NEXT 1048576 MINEXTENTS 1 MAXEXTENTS 2147483645
  PCTINCREASE 0 FREELISTS 1 FREELIST GROUPS 1
  BUFFER_POOL DEFAULT FLASH_CACHE DEFAULT CELL_FLASH_CACHE DEFAULT)
  TABLESPACE "SYSTEM" 
 LOB ("CONTENT") STORE AS BASICFILE (
  TABLESPACE "SYSTEM" ENABLE STORAGE IN ROW 4000 CHUNK 8192 RETENTION 
  NOCACHE LOGGING 
  STORAGE(INITIAL 65536 NEXT 1048576 MINEXTENTS 1 MAXEXTENTS 2147483645
  PCTINCREASE 0 FREELISTS 1 FREELIST GROUPS 1
  BUFFER_POOL DEFAULT FLASH_CACHE DEFAULT CELL_FLASH_CACHE DEFAULT)) ;
--------------------------------------------------------
--  DDL for Table SNS_POST_FILE
--------------------------------------------------------

  CREATE TABLE "SYSTEM"."SNS_POST_FILE" 
   (	"FILE_NO" NUMBER, 
	"POST_NO" NUMBER, 
	"ORIGIN_NAME" VARCHAR2(300 BYTE), 
	"SAVE_NAME" VARCHAR2(300 BYTE), 
	"FILE_PATH" VARCHAR2(500 BYTE), 
	"FILE_TYPE" VARCHAR2(30 BYTE), 
	"FILE_SIZE" NUMBER, 
	"FILE_ORDER" NUMBER DEFAULT 1, 
	"CDATE" DATE DEFAULT SYSDATE
   ) PCTFREE 10 PCTUSED 40 INITRANS 1 MAXTRANS 255 
 NOCOMPRESS LOGGING
  STORAGE(INITIAL 65536 NEXT 1048576 MINEXTENTS 1 MAXEXTENTS 2147483645
  PCTINCREASE 0 FREELISTS 1 FREELIST GROUPS 1
  BUFFER_POOL DEFAULT FLASH_CACHE DEFAULT CELL_FLASH_CACHE DEFAULT)
  TABLESPACE "SYSTEM" ;
--------------------------------------------------------
--  DDL for Table SNS_POST_LIKE
--------------------------------------------------------

  CREATE TABLE "SYSTEM"."SNS_POST_LIKE" 
   (	"LIKE_NO" NUMBER, 
	"USER_ID" VARCHAR2(100 BYTE), 
	"POST_NO" NUMBER, 
	"CDATE" DATE DEFAULT SYSDATE
   ) PCTFREE 10 PCTUSED 40 INITRANS 1 MAXTRANS 255 
 NOCOMPRESS LOGGING
  STORAGE(INITIAL 65536 NEXT 1048576 MINEXTENTS 1 MAXEXTENTS 2147483645
  PCTINCREASE 0 FREELISTS 1 FREELIST GROUPS 1
  BUFFER_POOL DEFAULT FLASH_CACHE DEFAULT CELL_FLASH_CACHE DEFAULT)
  TABLESPACE "SYSTEM" ;
--------------------------------------------------------
--  DDL for Table SNS_POST_TAG
--------------------------------------------------------

  CREATE TABLE "SYSTEM"."SNS_POST_TAG" 
   (	"POST_TAG_NO" NUMBER, 
	"POST_NO" NUMBER, 
	"TAG_NO" NUMBER
   ) PCTFREE 10 PCTUSED 40 INITRANS 1 MAXTRANS 255 
 NOCOMPRESS LOGGING
  STORAGE(INITIAL 65536 NEXT 1048576 MINEXTENTS 1 MAXEXTENTS 2147483645
  PCTINCREASE 0 FREELISTS 1 FREELIST GROUPS 1
  BUFFER_POOL DEFAULT FLASH_CACHE DEFAULT CELL_FLASH_CACHE DEFAULT)
  TABLESPACE "SYSTEM" ;
--------------------------------------------------------
--  DDL for Table SNS_REPORT
--------------------------------------------------------

  CREATE TABLE "SYSTEM"."SNS_REPORT" 
   (	"REPORT_NO" NUMBER, 
	"REPORTER_ID" VARCHAR2(100 BYTE), 
	"TARGET_TYPE" CHAR(3 BYTE), 
	"TARGET_ID" VARCHAR2(100 BYTE), 
	"REASON" VARCHAR2(200 BYTE), 
	"DETAIL" VARCHAR2(500 BYTE), 
	"STATUS" CHAR(3 BYTE), 
	"CDATE" DATE DEFAULT SYSDATE
   ) PCTFREE 10 PCTUSED 40 INITRANS 1 MAXTRANS 255 
 NOCOMPRESS LOGGING
  STORAGE(INITIAL 65536 NEXT 1048576 MINEXTENTS 1 MAXEXTENTS 2147483645
  PCTINCREASE 0 FREELISTS 1 FREELIST GROUPS 1
  BUFFER_POOL DEFAULT FLASH_CACHE DEFAULT CELL_FLASH_CACHE DEFAULT)
  TABLESPACE "SYSTEM" ;
--------------------------------------------------------
--  DDL for Table SNS_SEARCH_LOG
--------------------------------------------------------

  CREATE TABLE "SYSTEM"."SNS_SEARCH_LOG" 
   (	"SEARCH_NO" NUMBER, 
	"USER_ID" VARCHAR2(100 BYTE), 
	"KEYWORD" VARCHAR2(100 BYTE), 
	"CDATE" DATE DEFAULT SYSDATE
   ) PCTFREE 10 PCTUSED 40 INITRANS 1 MAXTRANS 255 
 NOCOMPRESS LOGGING
  STORAGE(INITIAL 65536 NEXT 1048576 MINEXTENTS 1 MAXEXTENTS 2147483645
  PCTINCREASE 0 FREELISTS 1 FREELIST GROUPS 1
  BUFFER_POOL DEFAULT FLASH_CACHE DEFAULT CELL_FLASH_CACHE DEFAULT)
  TABLESPACE "SYSTEM" ;
--------------------------------------------------------
--  DDL for Table SNS_TAG
--------------------------------------------------------

  CREATE TABLE "SYSTEM"."SNS_TAG" 
   (	"TAG_NO" NUMBER, 
	"TAG_NAME" VARCHAR2(100 BYTE), 
	"TAG_TYPE" CHAR(3 BYTE) DEFAULT 'USR', 
	"ALGO_YN" CHAR(1 BYTE) DEFAULT 'N'
   ) PCTFREE 10 PCTUSED 40 INITRANS 1 MAXTRANS 255 
 NOCOMPRESS LOGGING
  STORAGE(INITIAL 65536 NEXT 1048576 MINEXTENTS 1 MAXEXTENTS 2147483645
  PCTINCREASE 0 FREELISTS 1 FREELIST GROUPS 1
  BUFFER_POOL DEFAULT FLASH_CACHE DEFAULT CELL_FLASH_CACHE DEFAULT)
  TABLESPACE "SYSTEM" ;
--------------------------------------------------------
--  DDL for Table SNS_USER_ACT_LOG
--------------------------------------------------------

  CREATE TABLE "SYSTEM"."SNS_USER_ACT_LOG" 
   (	"LOG_NO" NUMBER, 
	"USER_ID" VARCHAR2(100 BYTE), 
	"ACT_TYPE" CHAR(3 BYTE), 
	"TARGET_TYPE" CHAR(3 BYTE), 
	"TARGET_NO" NUMBER, 
	"SCORE" NUMBER, 
	"CDATE" DATE DEFAULT SYSDATE
   ) PCTFREE 10 PCTUSED 40 INITRANS 1 MAXTRANS 255 
 NOCOMPRESS LOGGING
  STORAGE(INITIAL 65536 NEXT 1048576 MINEXTENTS 1 MAXEXTENTS 2147483645
  PCTINCREASE 0 FREELISTS 1 FREELIST GROUPS 1
  BUFFER_POOL DEFAULT FLASH_CACHE DEFAULT CELL_FLASH_CACHE DEFAULT)
  TABLESPACE "SYSTEM" ;
--------------------------------------------------------
--  DDL for Table SNS_USER_BLOCK
--------------------------------------------------------

  CREATE TABLE "SYSTEM"."SNS_USER_BLOCK" 
   (	"BLOCK_NO" NUMBER, 
	"BLOCKER_ID" VARCHAR2(100 BYTE), 
	"BLOCKED_ID" VARCHAR2(100 BYTE), 
	"CDATE" DATE DEFAULT SYSDATE
   ) PCTFREE 10 PCTUSED 40 INITRANS 1 MAXTRANS 255 
 NOCOMPRESS LOGGING
  STORAGE(INITIAL 65536 NEXT 1048576 MINEXTENTS 1 MAXEXTENTS 2147483645
  PCTINCREASE 0 FREELISTS 1 FREELIST GROUPS 1
  BUFFER_POOL DEFAULT FLASH_CACHE DEFAULT CELL_FLASH_CACHE DEFAULT)
  TABLESPACE "SYSTEM" ;
--------------------------------------------------------
--  DDL for Table SNS_USER_INTR_SCORE
--------------------------------------------------------

  CREATE TABLE "SYSTEM"."SNS_USER_INTR_SCORE" 
   (	"SCORE_NO" NUMBER, 
	"USER_ID" VARCHAR2(100 BYTE), 
	"TAG_NO" NUMBER, 
	"CATEGORY_NO" NUMBER, 
	"SCORE" NUMBER, 
	"CDATE" DATE DEFAULT SYSDATE
   ) PCTFREE 10 PCTUSED 40 INITRANS 1 MAXTRANS 255 
 NOCOMPRESS LOGGING
  STORAGE(INITIAL 65536 NEXT 1048576 MINEXTENTS 1 MAXEXTENTS 2147483645
  PCTINCREASE 0 FREELISTS 1 FREELIST GROUPS 1
  BUFFER_POOL DEFAULT FLASH_CACHE DEFAULT CELL_FLASH_CACHE DEFAULT)
  TABLESPACE "SYSTEM" ;
--------------------------------------------------------
--  DDL for Table SNS_USER_NOTI
--------------------------------------------------------

  CREATE TABLE "SYSTEM"."SNS_USER_NOTI" 
   (	"USER_ID" VARCHAR2(100 BYTE), 
	"DM_NOTI" CHAR(1 BYTE) DEFAULT 'Y', 
	"COMMENT_NOTI" CHAR(1 BYTE) DEFAULT 'Y', 
	"FOLLOW_NOTI" CHAR(1 BYTE) DEFAULT 'Y', 
	"LIKE_NOTI" CHAR(1 BYTE) DEFAULT 'Y', 
	"UDATE" DATE DEFAULT SYSDATE
   ) PCTFREE 10 PCTUSED 40 INITRANS 1 MAXTRANS 255 
 NOCOMPRESS LOGGING
  STORAGE(INITIAL 65536 NEXT 1048576 MINEXTENTS 1 MAXEXTENTS 2147483645
  PCTINCREASE 0 FREELISTS 1 FREELIST GROUPS 1
  BUFFER_POOL DEFAULT FLASH_CACHE DEFAULT CELL_FLASH_CACHE DEFAULT)
  TABLESPACE "SYSTEM" ;
--------------------------------------------------------
--  DDL for Table SNS_USERS
--------------------------------------------------------

  CREATE TABLE "SYSTEM"."SNS_USERS" 
   (	"USER_ID" VARCHAR2(100 BYTE), 
	"USER_PWD" VARCHAR2(300 BYTE), 
	"USER_NAME" VARCHAR2(20 BYTE), 
	"USER_NICKNAME" VARCHAR2(20 BYTE), 
	"USER_PHONE" VARCHAR2(20 BYTE), 
	"USER_INTRO" VARCHAR2(300 BYTE), 
	"PROFILE_IMG" VARCHAR2(500 BYTE), 
	"USER_BIZ" CHAR(1 BYTE) DEFAULT 'N', 
	"USER_STATUS" CHAR(3 BYTE) DEFAULT 'ACT', 
	"CDATE" DATE DEFAULT SYSDATE, 
	"UDATE" DATE, 
	"RELATION_BADGE" CHAR(3 BYTE), 
	"ACCOUNT_VISIBLE" CHAR(3 BYTE) DEFAULT 'PUB'
   ) PCTFREE 10 PCTUSED 40 INITRANS 1 MAXTRANS 255 
 NOCOMPRESS LOGGING
  STORAGE(INITIAL 65536 NEXT 1048576 MINEXTENTS 1 MAXEXTENTS 2147483645
  PCTINCREASE 0 FREELISTS 1 FREELIST GROUPS 1
  BUFFER_POOL DEFAULT FLASH_CACHE DEFAULT CELL_FLASH_CACHE DEFAULT)
  TABLESPACE "SYSTEM" ;
REM INSERTING into SYSTEM.SNS_ACT_SCORE
SET DEFINE OFF;
Insert into SYSTEM.SNS_ACT_SCORE (SCORE_NO,ACT_TYPE,SCORE,DESCRIPTION,USE_YN) values (1,'SCH',1,'검색하기','Y');
Insert into SYSTEM.SNS_ACT_SCORE (SCORE_NO,ACT_TYPE,SCORE,DESCRIPTION,USE_YN) values (2,'VIW',2,'글 확인','Y');
Insert into SYSTEM.SNS_ACT_SCORE (SCORE_NO,ACT_TYPE,SCORE,DESCRIPTION,USE_YN) values (3,'LKE',4,'좋아요 누르기','Y');
Insert into SYSTEM.SNS_ACT_SCORE (SCORE_NO,ACT_TYPE,SCORE,DESCRIPTION,USE_YN) values (4,'CMT',6,'댓글 작성','Y');
Insert into SYSTEM.SNS_ACT_SCORE (SCORE_NO,ACT_TYPE,SCORE,DESCRIPTION,USE_YN) values (5,'PST',10,'글 작성','Y');
REM INSERTING into SYSTEM.SNS_AD_LINK
SET DEFINE OFF;
Insert into SYSTEM.SNS_AD_LINK (LINK_NO,POST_NO,LINK_NAME,LINK_URL,LINK_ICON,LINK_ORDER,CDATE) values (22,50,'예약하기','https://linktr.ee/mylittlecave','CalendarDays',1,to_date('26/06/05','RR/MM/DD'));
REM INSERTING into SYSTEM.SNS_AD_POST_TAG
SET DEFINE OFF;
Insert into SYSTEM.SNS_AD_POST_TAG (AD_POST_TAG_NO,POST_NO,AD_TAG_NO,CDATE) values (9,50,8,to_date('26/06/05','RR/MM/DD'));
REM INSERTING into SYSTEM.SNS_AD_TAG
SET DEFINE OFF;
Insert into SYSTEM.SNS_AD_TAG (AD_TAG_NO,AD_TAG_NAME,USE_YN,CDATE) values (1,'신메뉴 출시!','Y',to_date('26/06/05','RR/MM/DD'));
Insert into SYSTEM.SNS_AD_TAG (AD_TAG_NO,AD_TAG_NAME,USE_YN,CDATE) values (2,'이벤트 진행중!','Y',to_date('26/06/05','RR/MM/DD'));
Insert into SYSTEM.SNS_AD_TAG (AD_TAG_NO,AD_TAG_NAME,USE_YN,CDATE) values (3,'할인중!','Y',to_date('26/06/05','RR/MM/DD'));
Insert into SYSTEM.SNS_AD_TAG (AD_TAG_NO,AD_TAG_NAME,USE_YN,CDATE) values (4,'기간한정!','Y',to_date('26/06/05','RR/MM/DD'));
Insert into SYSTEM.SNS_AD_TAG (AD_TAG_NO,AD_TAG_NAME,USE_YN,CDATE) values (5,'예약 가능!','Y',to_date('26/06/05','RR/MM/DD'));
Insert into SYSTEM.SNS_AD_TAG (AD_TAG_NO,AD_TAG_NAME,USE_YN,CDATE) values (6,'오픈 예정!','Y',to_date('26/06/05','RR/MM/DD'));
Insert into SYSTEM.SNS_AD_TAG (AD_TAG_NO,AD_TAG_NAME,USE_YN,CDATE) values (7,'인기 메뉴!','Y',to_date('26/06/05','RR/MM/DD'));
Insert into SYSTEM.SNS_AD_TAG (AD_TAG_NO,AD_TAG_NAME,USE_YN,CDATE) values (8,'추천 장소!','Y',to_date('26/06/05','RR/MM/DD'));
REM INSERTING into SYSTEM.SNS_AUTH_CODE
SET DEFINE OFF;
Insert into SYSTEM.SNS_AUTH_CODE (AUTH_ID,USER_PHONE,AUTH_CODE,AUTH_STATUS,EXPIRE_TIME,CDATE) values (1,'01024140196','643585','Y',to_date('26/05/28','RR/MM/DD'),to_date('26/05/28','RR/MM/DD'));
Insert into SYSTEM.SNS_AUTH_CODE (AUTH_ID,USER_PHONE,AUTH_CODE,AUTH_STATUS,EXPIRE_TIME,CDATE) values (2,'01024140196','410288','Y',to_date('26/05/29','RR/MM/DD'),to_date('26/05/29','RR/MM/DD'));
Insert into SYSTEM.SNS_AUTH_CODE (AUTH_ID,USER_PHONE,AUTH_CODE,AUTH_STATUS,EXPIRE_TIME,CDATE) values (3,'01024140196','566982','Y',to_date('26/05/29','RR/MM/DD'),to_date('26/05/29','RR/MM/DD'));
Insert into SYSTEM.SNS_AUTH_CODE (AUTH_ID,USER_PHONE,AUTH_CODE,AUTH_STATUS,EXPIRE_TIME,CDATE) values (4,'01024140196','252414','N',to_date('26/05/29','RR/MM/DD'),to_date('26/05/29','RR/MM/DD'));
Insert into SYSTEM.SNS_AUTH_CODE (AUTH_ID,USER_PHONE,AUTH_CODE,AUTH_STATUS,EXPIRE_TIME,CDATE) values (5,'01024140196','842257','N',to_date('26/05/29','RR/MM/DD'),to_date('26/05/29','RR/MM/DD'));
Insert into SYSTEM.SNS_AUTH_CODE (AUTH_ID,USER_PHONE,AUTH_CODE,AUTH_STATUS,EXPIRE_TIME,CDATE) values (6,'01024140196','790311','N',to_date('26/05/29','RR/MM/DD'),to_date('26/05/29','RR/MM/DD'));
Insert into SYSTEM.SNS_AUTH_CODE (AUTH_ID,USER_PHONE,AUTH_CODE,AUTH_STATUS,EXPIRE_TIME,CDATE) values (7,'01024140196','159821','Y',to_date('26/05/29','RR/MM/DD'),to_date('26/05/29','RR/MM/DD'));
Insert into SYSTEM.SNS_AUTH_CODE (AUTH_ID,USER_PHONE,AUTH_CODE,AUTH_STATUS,EXPIRE_TIME,CDATE) values (8,'01024140196','787300','Y',to_date('26/05/29','RR/MM/DD'),to_date('26/05/29','RR/MM/DD'));
Insert into SYSTEM.SNS_AUTH_CODE (AUTH_ID,USER_PHONE,AUTH_CODE,AUTH_STATUS,EXPIRE_TIME,CDATE) values (9,'01024140196','400033','Y',to_date('26/05/29','RR/MM/DD'),to_date('26/05/29','RR/MM/DD'));
Insert into SYSTEM.SNS_AUTH_CODE (AUTH_ID,USER_PHONE,AUTH_CODE,AUTH_STATUS,EXPIRE_TIME,CDATE) values (10,'01024140196','842447','Y',to_date('26/05/29','RR/MM/DD'),to_date('26/05/29','RR/MM/DD'));
Insert into SYSTEM.SNS_AUTH_CODE (AUTH_ID,USER_PHONE,AUTH_CODE,AUTH_STATUS,EXPIRE_TIME,CDATE) values (11,'01024140196','801897','Y',to_date('26/05/29','RR/MM/DD'),to_date('26/05/29','RR/MM/DD'));
Insert into SYSTEM.SNS_AUTH_CODE (AUTH_ID,USER_PHONE,AUTH_CODE,AUTH_STATUS,EXPIRE_TIME,CDATE) values (12,'01024140196','679202','Y',to_date('26/05/29','RR/MM/DD'),to_date('26/05/29','RR/MM/DD'));
Insert into SYSTEM.SNS_AUTH_CODE (AUTH_ID,USER_PHONE,AUTH_CODE,AUTH_STATUS,EXPIRE_TIME,CDATE) values (13,'01024140196','950340','Y',to_date('26/05/29','RR/MM/DD'),to_date('26/05/29','RR/MM/DD'));
Insert into SYSTEM.SNS_AUTH_CODE (AUTH_ID,USER_PHONE,AUTH_CODE,AUTH_STATUS,EXPIRE_TIME,CDATE) values (14,'01024140196','771065','Y',to_date('26/05/29','RR/MM/DD'),to_date('26/05/29','RR/MM/DD'));
Insert into SYSTEM.SNS_AUTH_CODE (AUTH_ID,USER_PHONE,AUTH_CODE,AUTH_STATUS,EXPIRE_TIME,CDATE) values (15,'01024140196','773400','Y',to_date('26/05/29','RR/MM/DD'),to_date('26/05/29','RR/MM/DD'));
Insert into SYSTEM.SNS_AUTH_CODE (AUTH_ID,USER_PHONE,AUTH_CODE,AUTH_STATUS,EXPIRE_TIME,CDATE) values (16,'01024140196','875772','Y',to_date('26/05/29','RR/MM/DD'),to_date('26/05/29','RR/MM/DD'));
Insert into SYSTEM.SNS_AUTH_CODE (AUTH_ID,USER_PHONE,AUTH_CODE,AUTH_STATUS,EXPIRE_TIME,CDATE) values (17,'01024140196','152123','N',to_date('26/05/29','RR/MM/DD'),to_date('26/05/29','RR/MM/DD'));
Insert into SYSTEM.SNS_AUTH_CODE (AUTH_ID,USER_PHONE,AUTH_CODE,AUTH_STATUS,EXPIRE_TIME,CDATE) values (18,'01024140196','307170','N',to_date('26/05/29','RR/MM/DD'),to_date('26/05/29','RR/MM/DD'));
Insert into SYSTEM.SNS_AUTH_CODE (AUTH_ID,USER_PHONE,AUTH_CODE,AUTH_STATUS,EXPIRE_TIME,CDATE) values (19,'01024140196','295008','Y',to_date('26/06/01','RR/MM/DD'),to_date('26/06/01','RR/MM/DD'));
Insert into SYSTEM.SNS_AUTH_CODE (AUTH_ID,USER_PHONE,AUTH_CODE,AUTH_STATUS,EXPIRE_TIME,CDATE) values (20,'01024140196','606730','Y',to_date('26/06/01','RR/MM/DD'),to_date('26/06/01','RR/MM/DD'));
Insert into SYSTEM.SNS_AUTH_CODE (AUTH_ID,USER_PHONE,AUTH_CODE,AUTH_STATUS,EXPIRE_TIME,CDATE) values (21,'01024140196','256929','Y',to_date('26/06/01','RR/MM/DD'),to_date('26/06/01','RR/MM/DD'));
Insert into SYSTEM.SNS_AUTH_CODE (AUTH_ID,USER_PHONE,AUTH_CODE,AUTH_STATUS,EXPIRE_TIME,CDATE) values (22,'01024140196','839140','Y',to_date('26/06/01','RR/MM/DD'),to_date('26/06/01','RR/MM/DD'));
Insert into SYSTEM.SNS_AUTH_CODE (AUTH_ID,USER_PHONE,AUTH_CODE,AUTH_STATUS,EXPIRE_TIME,CDATE) values (23,'01024140196','763692','Y',to_date('26/06/01','RR/MM/DD'),to_date('26/06/01','RR/MM/DD'));
Insert into SYSTEM.SNS_AUTH_CODE (AUTH_ID,USER_PHONE,AUTH_CODE,AUTH_STATUS,EXPIRE_TIME,CDATE) values (24,'01024140196','513492','Y',to_date('26/06/02','RR/MM/DD'),to_date('26/06/02','RR/MM/DD'));
Insert into SYSTEM.SNS_AUTH_CODE (AUTH_ID,USER_PHONE,AUTH_CODE,AUTH_STATUS,EXPIRE_TIME,CDATE) values (25,'01024140196','169432','Y',to_date('26/06/02','RR/MM/DD'),to_date('26/06/02','RR/MM/DD'));
Insert into SYSTEM.SNS_AUTH_CODE (AUTH_ID,USER_PHONE,AUTH_CODE,AUTH_STATUS,EXPIRE_TIME,CDATE) values (26,'01024140196','164651','Y',to_date('26/06/05','RR/MM/DD'),to_date('26/06/05','RR/MM/DD'));
Insert into SYSTEM.SNS_AUTH_CODE (AUTH_ID,USER_PHONE,AUTH_CODE,AUTH_STATUS,EXPIRE_TIME,CDATE) values (27,'01024140196','933148','Y',to_date('26/06/05','RR/MM/DD'),to_date('26/06/05','RR/MM/DD'));
Insert into SYSTEM.SNS_AUTH_CODE (AUTH_ID,USER_PHONE,AUTH_CODE,AUTH_STATUS,EXPIRE_TIME,CDATE) values (28,'01024140196','719452','Y',to_date('26/06/05','RR/MM/DD'),to_date('26/06/05','RR/MM/DD'));
Insert into SYSTEM.SNS_AUTH_CODE (AUTH_ID,USER_PHONE,AUTH_CODE,AUTH_STATUS,EXPIRE_TIME,CDATE) values (29,'01024140196','302009','Y',to_date('26/06/05','RR/MM/DD'),to_date('26/06/05','RR/MM/DD'));
REM INSERTING into SYSTEM.SNS_CATEGORY
SET DEFINE OFF;
Insert into SYSTEM.SNS_CATEGORY (CATEGORY_NO,CATEGORY_NAME,USE_YN) values (1,'혼밥','Y');
Insert into SYSTEM.SNS_CATEGORY (CATEGORY_NO,CATEGORY_NAME,USE_YN) values (2,'혼술','Y');
Insert into SYSTEM.SNS_CATEGORY (CATEGORY_NO,CATEGORY_NAME,USE_YN) values (3,'혼카페','Y');
Insert into SYSTEM.SNS_CATEGORY (CATEGORY_NO,CATEGORY_NAME,USE_YN) values (4,'혼놀','Y');
Insert into SYSTEM.SNS_CATEGORY (CATEGORY_NO,CATEGORY_NAME,USE_YN) values (5,'혼행','Y');
Insert into SYSTEM.SNS_CATEGORY (CATEGORY_NO,CATEGORY_NAME,USE_YN) values (6,'일상','Y');
Insert into SYSTEM.SNS_CATEGORY (CATEGORY_NO,CATEGORY_NAME,USE_YN) values (7,'기타','Y');
REM INSERTING into SYSTEM.SNS_COMMENTS
SET DEFINE OFF;
REM INSERTING into SYSTEM.SNS_DM_MESSAGE
SET DEFINE OFF;
Insert into SYSTEM.SNS_DM_MESSAGE (MESSAGE_NO,USER_ID,ROOM_NO,READ_YN,CDATE) values (1,'test',1,'N',to_date('26/06/02','RR/MM/DD'));
Insert into SYSTEM.SNS_DM_MESSAGE (MESSAGE_NO,USER_ID,ROOM_NO,READ_YN,CDATE) values (2,'test',1,'N',to_date('26/06/02','RR/MM/DD'));
Insert into SYSTEM.SNS_DM_MESSAGE (MESSAGE_NO,USER_ID,ROOM_NO,READ_YN,CDATE) values (3,'test01',1,'N',to_date('26/06/02','RR/MM/DD'));
Insert into SYSTEM.SNS_DM_MESSAGE (MESSAGE_NO,USER_ID,ROOM_NO,READ_YN,CDATE) values (4,'test01',2,'N',to_date('26/06/02','RR/MM/DD'));
Insert into SYSTEM.SNS_DM_MESSAGE (MESSAGE_NO,USER_ID,ROOM_NO,READ_YN,CDATE) values (5,'test01',1,'N',to_date('26/06/02','RR/MM/DD'));
Insert into SYSTEM.SNS_DM_MESSAGE (MESSAGE_NO,USER_ID,ROOM_NO,READ_YN,CDATE) values (6,'test01',1,'N',to_date('26/06/02','RR/MM/DD'));
Insert into SYSTEM.SNS_DM_MESSAGE (MESSAGE_NO,USER_ID,ROOM_NO,READ_YN,CDATE) values (7,'test01',1,'N',to_date('26/06/02','RR/MM/DD'));
Insert into SYSTEM.SNS_DM_MESSAGE (MESSAGE_NO,USER_ID,ROOM_NO,READ_YN,CDATE) values (8,'test01',1,'N',to_date('26/06/02','RR/MM/DD'));
Insert into SYSTEM.SNS_DM_MESSAGE (MESSAGE_NO,USER_ID,ROOM_NO,READ_YN,CDATE) values (9,'test01',1,'N',to_date('26/06/02','RR/MM/DD'));
Insert into SYSTEM.SNS_DM_MESSAGE (MESSAGE_NO,USER_ID,ROOM_NO,READ_YN,CDATE) values (10,'test01',1,'N',to_date('26/06/02','RR/MM/DD'));
Insert into SYSTEM.SNS_DM_MESSAGE (MESSAGE_NO,USER_ID,ROOM_NO,READ_YN,CDATE) values (11,'test',1,'N',to_date('26/06/02','RR/MM/DD'));
Insert into SYSTEM.SNS_DM_MESSAGE (MESSAGE_NO,USER_ID,ROOM_NO,READ_YN,CDATE) values (12,'test01',2,'N',to_date('26/06/02','RR/MM/DD'));
Insert into SYSTEM.SNS_DM_MESSAGE (MESSAGE_NO,USER_ID,ROOM_NO,READ_YN,CDATE) values (13,'test01',2,'N',to_date('26/06/02','RR/MM/DD'));
Insert into SYSTEM.SNS_DM_MESSAGE (MESSAGE_NO,USER_ID,ROOM_NO,READ_YN,CDATE) values (14,'test01',2,'N',to_date('26/06/02','RR/MM/DD'));
Insert into SYSTEM.SNS_DM_MESSAGE (MESSAGE_NO,USER_ID,ROOM_NO,READ_YN,CDATE) values (15,'test01',2,'N',to_date('26/06/02','RR/MM/DD'));
Insert into SYSTEM.SNS_DM_MESSAGE (MESSAGE_NO,USER_ID,ROOM_NO,READ_YN,CDATE) values (16,'test01',2,'N',to_date('26/06/02','RR/MM/DD'));
Insert into SYSTEM.SNS_DM_MESSAGE (MESSAGE_NO,USER_ID,ROOM_NO,READ_YN,CDATE) values (17,'test01',1,'N',to_date('26/06/02','RR/MM/DD'));
Insert into SYSTEM.SNS_DM_MESSAGE (MESSAGE_NO,USER_ID,ROOM_NO,READ_YN,CDATE) values (18,'test01',1,'N',to_date('26/06/02','RR/MM/DD'));
Insert into SYSTEM.SNS_DM_MESSAGE (MESSAGE_NO,USER_ID,ROOM_NO,READ_YN,CDATE) values (19,'test01',1,'N',to_date('26/06/02','RR/MM/DD'));
Insert into SYSTEM.SNS_DM_MESSAGE (MESSAGE_NO,USER_ID,ROOM_NO,READ_YN,CDATE) values (20,'test01',1,'N',to_date('26/06/02','RR/MM/DD'));
Insert into SYSTEM.SNS_DM_MESSAGE (MESSAGE_NO,USER_ID,ROOM_NO,READ_YN,CDATE) values (21,'test',3,'N',to_date('26/06/05','RR/MM/DD'));
Insert into SYSTEM.SNS_DM_MESSAGE (MESSAGE_NO,USER_ID,ROOM_NO,READ_YN,CDATE) values (22,'test',3,'N',to_date('26/06/05','RR/MM/DD'));
Insert into SYSTEM.SNS_DM_MESSAGE (MESSAGE_NO,USER_ID,ROOM_NO,READ_YN,CDATE) values (23,'user01',4,'N',to_date('26/06/05','RR/MM/DD'));
Insert into SYSTEM.SNS_DM_MESSAGE (MESSAGE_NO,USER_ID,ROOM_NO,READ_YN,CDATE) values (24,'user01',4,'N',to_date('26/06/05','RR/MM/DD'));
Insert into SYSTEM.SNS_DM_MESSAGE (MESSAGE_NO,USER_ID,ROOM_NO,READ_YN,CDATE) values (25,'testuser',4,'N',to_date('26/06/05','RR/MM/DD'));
Insert into SYSTEM.SNS_DM_MESSAGE (MESSAGE_NO,USER_ID,ROOM_NO,READ_YN,CDATE) values (26,'testuser',4,'N',to_date('26/06/05','RR/MM/DD'));
Insert into SYSTEM.SNS_DM_MESSAGE (MESSAGE_NO,USER_ID,ROOM_NO,READ_YN,CDATE) values (27,'testuser',4,'N',to_date('26/06/05','RR/MM/DD'));
Insert into SYSTEM.SNS_DM_MESSAGE (MESSAGE_NO,USER_ID,ROOM_NO,READ_YN,CDATE) values (28,'testuser',4,'N',to_date('26/06/05','RR/MM/DD'));
Insert into SYSTEM.SNS_DM_MESSAGE (MESSAGE_NO,USER_ID,ROOM_NO,READ_YN,CDATE) values (29,'user01',4,'N',to_date('26/06/05','RR/MM/DD'));
Insert into SYSTEM.SNS_DM_MESSAGE (MESSAGE_NO,USER_ID,ROOM_NO,READ_YN,CDATE) values (30,'testuser',4,'N',to_date('26/06/05','RR/MM/DD'));
Insert into SYSTEM.SNS_DM_MESSAGE (MESSAGE_NO,USER_ID,ROOM_NO,READ_YN,CDATE) values (31,'testuser',4,'N',to_date('26/06/05','RR/MM/DD'));
Insert into SYSTEM.SNS_DM_MESSAGE (MESSAGE_NO,USER_ID,ROOM_NO,READ_YN,CDATE) values (32,'testuser',4,'N',to_date('26/06/05','RR/MM/DD'));
REM INSERTING into SYSTEM.SNS_DM_ROOM
SET DEFINE OFF;
Insert into SYSTEM.SNS_DM_ROOM (ROOM_NO,CDATE) values (1,to_date('26/06/02','RR/MM/DD'));
Insert into SYSTEM.SNS_DM_ROOM (ROOM_NO,CDATE) values (2,to_date('26/06/02','RR/MM/DD'));
Insert into SYSTEM.SNS_DM_ROOM (ROOM_NO,CDATE) values (3,to_date('26/06/05','RR/MM/DD'));
Insert into SYSTEM.SNS_DM_ROOM (ROOM_NO,CDATE) values (4,to_date('26/06/05','RR/MM/DD'));
REM INSERTING into SYSTEM.SNS_DM_ROOM_USER
SET DEFINE OFF;
Insert into SYSTEM.SNS_DM_ROOM_USER (ROOM_USER_NO,USER_ID,ROOM_NO,LAST_READ_MESSAGE_NO,CDATE) values (1,'test',1,20,to_date('26/06/02','RR/MM/DD'));
Insert into SYSTEM.SNS_DM_ROOM_USER (ROOM_USER_NO,USER_ID,ROOM_NO,LAST_READ_MESSAGE_NO,CDATE) values (2,'test01',1,20,to_date('26/06/02','RR/MM/DD'));
Insert into SYSTEM.SNS_DM_ROOM_USER (ROOM_USER_NO,USER_ID,ROOM_NO,LAST_READ_MESSAGE_NO,CDATE) values (3,'test01',2,16,to_date('26/06/02','RR/MM/DD'));
Insert into SYSTEM.SNS_DM_ROOM_USER (ROOM_USER_NO,USER_ID,ROOM_NO,LAST_READ_MESSAGE_NO,CDATE) values (4,'test04',2,null,to_date('26/06/02','RR/MM/DD'));
Insert into SYSTEM.SNS_DM_ROOM_USER (ROOM_USER_NO,USER_ID,ROOM_NO,LAST_READ_MESSAGE_NO,CDATE) values (5,'test',3,22,to_date('26/06/05','RR/MM/DD'));
Insert into SYSTEM.SNS_DM_ROOM_USER (ROOM_USER_NO,USER_ID,ROOM_NO,LAST_READ_MESSAGE_NO,CDATE) values (6,'test05',3,22,to_date('26/06/05','RR/MM/DD'));
Insert into SYSTEM.SNS_DM_ROOM_USER (ROOM_USER_NO,USER_ID,ROOM_NO,LAST_READ_MESSAGE_NO,CDATE) values (7,'user01',4,29,to_date('26/06/05','RR/MM/DD'));
Insert into SYSTEM.SNS_DM_ROOM_USER (ROOM_USER_NO,USER_ID,ROOM_NO,LAST_READ_MESSAGE_NO,CDATE) values (8,'testuser',4,32,to_date('26/06/05','RR/MM/DD'));
REM INSERTING into SYSTEM.SNS_FAVORITE_FOLDER
SET DEFINE OFF;
Insert into SYSTEM.SNS_FAVORITE_FOLDER (FOLDER_NO,USER_ID,FOLDER_NAME,FOLDER_INFO,IS_SHARED,CDATE) values (8,'test','테스트','테스트','Y',to_date('26/06/02','RR/MM/DD'));
Insert into SYSTEM.SNS_FAVORITE_FOLDER (FOLDER_NO,USER_ID,FOLDER_NAME,FOLDER_INFO,IS_SHARED,CDATE) values (9,'test','1','1','N',to_date('26/06/02','RR/MM/DD'));
REM INSERTING into SYSTEM.SNS_FAVORITE_PLACE
SET DEFINE OFF;
Insert into SYSTEM.SNS_FAVORITE_PLACE (FAVORITE_NO,FOLDER_NO,USER_ID,PLACE_NAME,PLACE_ADDRESS,LAT,LNG,MEMO,CDATE) values (4,8,'test','부평문화의거리','인천 부평구 광장로 6',37.4941629743516,126.724277577653,null,to_date('26/06/02','RR/MM/DD'));
Insert into SYSTEM.SNS_FAVORITE_PLACE (FAVORITE_NO,FOLDER_NO,USER_ID,PLACE_NAME,PLACE_ADDRESS,LAT,LNG,MEMO,CDATE) values (5,9,'test','서울특별시청','서울 중구 세종대로 110',37.56682420267543,126.978652258823,null,to_date('26/06/05','RR/MM/DD'));
REM INSERTING into SYSTEM.SNS_FOLLOW_REQUEST
SET DEFINE OFF;
Insert into SYSTEM.SNS_FOLLOW_REQUEST (REQUEST_NO,REQUESTER_ID,RECEIVER_ID,REQUEST_STATUS,CDATE,UDATE) values (3,'test','test01','APR',to_date('26/06/02','RR/MM/DD'),to_date('26/06/02','RR/MM/DD'));
REM INSERTING into SYSTEM.SNS_FOLLOWS
SET DEFINE OFF;
Insert into SYSTEM.SNS_FOLLOWS (FOLLOW_NO,FOLLOWER_ID,FOLLOWING_ID,CDATE) values (8,'test','test01',to_date('26/06/02','RR/MM/DD'));
Insert into SYSTEM.SNS_FOLLOWS (FOLLOW_NO,FOLLOWER_ID,FOLLOWING_ID,CDATE) values (6,'test','test04',to_date('26/06/02','RR/MM/DD'));
Insert into SYSTEM.SNS_FOLLOWS (FOLLOW_NO,FOLLOWER_ID,FOLLOWING_ID,CDATE) values (7,'test01','test',to_date('26/06/02','RR/MM/DD'));
Insert into SYSTEM.SNS_FOLLOWS (FOLLOW_NO,FOLLOWER_ID,FOLLOWING_ID,CDATE) values (10,'test05','test02',to_date('26/06/05','RR/MM/DD'));
Insert into SYSTEM.SNS_FOLLOWS (FOLLOW_NO,FOLLOWER_ID,FOLLOWING_ID,CDATE) values (11,'test','test05',to_date('26/06/05','RR/MM/DD'));
Insert into SYSTEM.SNS_FOLLOWS (FOLLOW_NO,FOLLOWER_ID,FOLLOWING_ID,CDATE) values (12,'test03','test',to_date('26/06/05','RR/MM/DD'));
REM INSERTING into SYSTEM.SNS_NOTIFICATION
SET DEFINE OFF;
Insert into SYSTEM.SNS_NOTIFICATION (NOTI_NO,USER_ID,SENDER_ID,NOTI_TYPE,TARGET_TYPE,TARGET_ID,CONTENT,READ_YN,CDATE) values (1,'test01','test','FLW','USR',null,'님이 팔로우를 요청했습니다.','Y',to_date('26/06/02','RR/MM/DD'));
Insert into SYSTEM.SNS_NOTIFICATION (NOTI_NO,USER_ID,SENDER_ID,NOTI_TYPE,TARGET_TYPE,TARGET_ID,CONTENT,READ_YN,CDATE) values (2,'test','test01','FLW','USR',null,'님이 회원님을 팔로우했습니다.','Y',to_date('26/06/02','RR/MM/DD'));
Insert into SYSTEM.SNS_NOTIFICATION (NOTI_NO,USER_ID,SENDER_ID,NOTI_TYPE,TARGET_TYPE,TARGET_ID,CONTENT,READ_YN,CDATE) values (3,'test','test01','CMT','PST',21,'님이 회원님의 글에 댓글을 남겼습니다.','Y',to_date('26/06/02','RR/MM/DD'));
Insert into SYSTEM.SNS_NOTIFICATION (NOTI_NO,USER_ID,SENDER_ID,NOTI_TYPE,TARGET_TYPE,TARGET_ID,CONTENT,READ_YN,CDATE) values (4,'test','test01','LKE','PST',20,'님이 회원님의 글을 좋아합니다.','Y',to_date('26/06/02','RR/MM/DD'));
Insert into SYSTEM.SNS_NOTIFICATION (NOTI_NO,USER_ID,SENDER_ID,NOTI_TYPE,TARGET_TYPE,TARGET_ID,CONTENT,READ_YN,CDATE) values (5,'test','test03','LKE','PST',28,'님이 회원님의 글을 좋아합니다.','Y',to_date('26/06/02','RR/MM/DD'));
Insert into SYSTEM.SNS_NOTIFICATION (NOTI_NO,USER_ID,SENDER_ID,NOTI_TYPE,TARGET_TYPE,TARGET_ID,CONTENT,READ_YN,CDATE) values (6,'test','test03','CMT','PST',20,'님이 회원님의 글에 댓글을 남겼습니다.','Y',to_date('26/06/02','RR/MM/DD'));
Insert into SYSTEM.SNS_NOTIFICATION (NOTI_NO,USER_ID,SENDER_ID,NOTI_TYPE,TARGET_TYPE,TARGET_ID,CONTENT,READ_YN,CDATE) values (7,'test','test03','CMT','PST',21,'님이 회원님의 글에 댓글을 남겼습니다.','Y',to_date('26/06/02','RR/MM/DD'));
Insert into SYSTEM.SNS_NOTIFICATION (NOTI_NO,USER_ID,SENDER_ID,NOTI_TYPE,TARGET_TYPE,TARGET_ID,CONTENT,READ_YN,CDATE) values (8,'test','test03','FLW','USR',null,'님이 회원님을 팔로우했습니다.','Y',to_date('26/06/02','RR/MM/DD'));
Insert into SYSTEM.SNS_NOTIFICATION (NOTI_NO,USER_ID,SENDER_ID,NOTI_TYPE,TARGET_TYPE,TARGET_ID,CONTENT,READ_YN,CDATE) values (9,'test','test01','DM ','DMR',1,'님이 메시지를 보냈습니다.','Y',to_date('26/06/02','RR/MM/DD'));
Insert into SYSTEM.SNS_NOTIFICATION (NOTI_NO,USER_ID,SENDER_ID,NOTI_TYPE,TARGET_TYPE,TARGET_ID,CONTENT,READ_YN,CDATE) values (10,'test','test01','DM ','DMR',1,'님이 메시지를 보냈습니다.','Y',to_date('26/06/02','RR/MM/DD'));
Insert into SYSTEM.SNS_NOTIFICATION (NOTI_NO,USER_ID,SENDER_ID,NOTI_TYPE,TARGET_TYPE,TARGET_ID,CONTENT,READ_YN,CDATE) values (11,'test','test01','DM ','DMR',1,'님이 메시지를 보냈습니다.','Y',to_date('26/06/02','RR/MM/DD'));
Insert into SYSTEM.SNS_NOTIFICATION (NOTI_NO,USER_ID,SENDER_ID,NOTI_TYPE,TARGET_TYPE,TARGET_ID,CONTENT,READ_YN,CDATE) values (12,'test','test01','DM ','DMR',1,'님이 메시지를 보냈습니다.','Y',to_date('26/06/02','RR/MM/DD'));
Insert into SYSTEM.SNS_NOTIFICATION (NOTI_NO,USER_ID,SENDER_ID,NOTI_TYPE,TARGET_TYPE,TARGET_ID,CONTENT,READ_YN,CDATE) values (13,'test04','test02','CMT','PST',27,'님이 회원님의 글에 댓글을 남겼습니다.','Y',to_date('26/06/05','RR/MM/DD'));
Insert into SYSTEM.SNS_NOTIFICATION (NOTI_NO,USER_ID,SENDER_ID,NOTI_TYPE,TARGET_TYPE,TARGET_ID,CONTENT,READ_YN,CDATE) values (14,'test02','test05','CMT','PST',35,'님이 회원님의 글에 댓글을 남겼습니다.','Y',to_date('26/06/05','RR/MM/DD'));
Insert into SYSTEM.SNS_NOTIFICATION (NOTI_NO,USER_ID,SENDER_ID,NOTI_TYPE,TARGET_TYPE,TARGET_ID,CONTENT,READ_YN,CDATE) values (15,'test02','test05','LKE','PST',35,'님이 회원님의 글을 좋아합니다.','Y',to_date('26/06/05','RR/MM/DD'));
Insert into SYSTEM.SNS_NOTIFICATION (NOTI_NO,USER_ID,SENDER_ID,NOTI_TYPE,TARGET_TYPE,TARGET_ID,CONTENT,READ_YN,CDATE) values (16,'test02','test05','LKE','PST',34,'님이 회원님의 글을 좋아합니다.','Y',to_date('26/06/05','RR/MM/DD'));
Insert into SYSTEM.SNS_NOTIFICATION (NOTI_NO,USER_ID,SENDER_ID,NOTI_TYPE,TARGET_TYPE,TARGET_ID,CONTENT,READ_YN,CDATE) values (17,'test02','test05','FLW','USR',null,'님이 회원님을 팔로우했습니다.','Y',to_date('26/06/05','RR/MM/DD'));
Insert into SYSTEM.SNS_NOTIFICATION (NOTI_NO,USER_ID,SENDER_ID,NOTI_TYPE,TARGET_TYPE,TARGET_ID,CONTENT,READ_YN,CDATE) values (18,'test05','test','FLW','USR',null,'님이 회원님을 팔로우했습니다.','Y',to_date('26/06/05','RR/MM/DD'));
Insert into SYSTEM.SNS_NOTIFICATION (NOTI_NO,USER_ID,SENDER_ID,NOTI_TYPE,TARGET_TYPE,TARGET_ID,CONTENT,READ_YN,CDATE) values (19,'test05','test','DM ','DMR',3,'님이 메시지를 보냈습니다.','Y',to_date('26/06/05','RR/MM/DD'));
Insert into SYSTEM.SNS_NOTIFICATION (NOTI_NO,USER_ID,SENDER_ID,NOTI_TYPE,TARGET_TYPE,TARGET_ID,CONTENT,READ_YN,CDATE) values (20,'test05','test','DM ','DMR',3,'님이 메시지를 보냈습니다.','Y',to_date('26/06/05','RR/MM/DD'));
Insert into SYSTEM.SNS_NOTIFICATION (NOTI_NO,USER_ID,SENDER_ID,NOTI_TYPE,TARGET_TYPE,TARGET_ID,CONTENT,READ_YN,CDATE) values (21,'test','test03','FLW','USR',null,'님이 회원님을 팔로우했습니다.','Y',to_date('26/06/05','RR/MM/DD'));
Insert into SYSTEM.SNS_NOTIFICATION (NOTI_NO,USER_ID,SENDER_ID,NOTI_TYPE,TARGET_TYPE,TARGET_ID,CONTENT,READ_YN,CDATE) values (22,'testuser','user01','DM ','DMR',4,'님이 메시지를 보냈습니다.','Y',to_date('26/06/05','RR/MM/DD'));
Insert into SYSTEM.SNS_NOTIFICATION (NOTI_NO,USER_ID,SENDER_ID,NOTI_TYPE,TARGET_TYPE,TARGET_ID,CONTENT,READ_YN,CDATE) values (23,'testuser','user01','DM ','DMR',4,'님이 메시지를 보냈습니다.','Y',to_date('26/06/05','RR/MM/DD'));
Insert into SYSTEM.SNS_NOTIFICATION (NOTI_NO,USER_ID,SENDER_ID,NOTI_TYPE,TARGET_TYPE,TARGET_ID,CONTENT,READ_YN,CDATE) values (24,'user01','testuser','DM ','DMR',4,'님이 메시지를 보냈습니다.','Y',to_date('26/06/05','RR/MM/DD'));
Insert into SYSTEM.SNS_NOTIFICATION (NOTI_NO,USER_ID,SENDER_ID,NOTI_TYPE,TARGET_TYPE,TARGET_ID,CONTENT,READ_YN,CDATE) values (25,'user01','testuser','DM ','DMR',4,'님이 메시지를 보냈습니다.','Y',to_date('26/06/05','RR/MM/DD'));
Insert into SYSTEM.SNS_NOTIFICATION (NOTI_NO,USER_ID,SENDER_ID,NOTI_TYPE,TARGET_TYPE,TARGET_ID,CONTENT,READ_YN,CDATE) values (26,'user01','testuser','DM ','DMR',4,'님이 메시지를 보냈습니다.','Y',to_date('26/06/05','RR/MM/DD'));
Insert into SYSTEM.SNS_NOTIFICATION (NOTI_NO,USER_ID,SENDER_ID,NOTI_TYPE,TARGET_TYPE,TARGET_ID,CONTENT,READ_YN,CDATE) values (27,'user01','testuser','DM ','DMR',4,'님이 메시지를 보냈습니다.','Y',to_date('26/06/05','RR/MM/DD'));
Insert into SYSTEM.SNS_NOTIFICATION (NOTI_NO,USER_ID,SENDER_ID,NOTI_TYPE,TARGET_TYPE,TARGET_ID,CONTENT,READ_YN,CDATE) values (28,'testuser','user01','DM ','DMR',4,'님이 메시지를 보냈습니다.','Y',to_date('26/06/05','RR/MM/DD'));
Insert into SYSTEM.SNS_NOTIFICATION (NOTI_NO,USER_ID,SENDER_ID,NOTI_TYPE,TARGET_TYPE,TARGET_ID,CONTENT,READ_YN,CDATE) values (29,'user04','user01','FLW','USR',null,'님이 회원님을 팔로우했습니다.','N',to_date('26/06/05','RR/MM/DD'));
REM INSERTING into SYSTEM.SNS_POST
SET DEFINE OFF;
Insert into SYSTEM.SNS_POST (POST_NO,USER_ID,CATEGORY_NO,TITLE,PLACE_NAME,PLACE_ADDRESS,LAT,LNG,CMT_YN,IS_AD,VIEW_COUNT,FEED_STATUS,CDATE,UDATE) values (41,'user01',2,'퇴근 후 성수 맥주 한 잔','브루어리을를 서울숲','서울 성동구 서울숲4길 16-25',37.546885739587154,127.04244081226828,'Y','N',0,'ACT',to_date('26/06/05','RR/MM/DD'),null);
Insert into SYSTEM.SNS_POST (POST_NO,USER_ID,CATEGORY_NO,TITLE,PLACE_NAME,PLACE_ADDRESS,LAT,LNG,CMT_YN,IS_AD,VIEW_COUNT,FEED_STATUS,CDATE,UDATE) values (39,'user01',1,'성수에서 혼자 브런치','어니언 성수','서울 성동구 아차산로9길 8',37.544782395189884,127.05820807890457,'Y','N',0,'ACT',to_date('26/06/05','RR/MM/DD'),null);
Insert into SYSTEM.SNS_POST (POST_NO,USER_ID,CATEGORY_NO,TITLE,PLACE_NAME,PLACE_ADDRESS,LAT,LNG,CMT_YN,IS_AD,VIEW_COUNT,FEED_STATUS,CDATE,UDATE) values (40,'user01',1,'평일 점심 성수 국밥','소문난성수감자탕','서울 성동구 연무장길 45',37.5428308422967,127.05440457812,'Y','N',0,'ACT',to_date('26/06/05','RR/MM/DD'),null);
Insert into SYSTEM.SNS_POST (POST_NO,USER_ID,CATEGORY_NO,TITLE,PLACE_NAME,PLACE_ADDRESS,LAT,LNG,CMT_YN,IS_AD,VIEW_COUNT,FEED_STATUS,CDATE,UDATE) values (42,'user02',1,'용산 바른 덮밥','바른덮밥','서울 용산구 두텁바위로 4',37.5450341061316,126.972499305072,'Y','N',0,'ACT',to_date('26/06/05','RR/MM/DD'),null);
Insert into SYSTEM.SNS_POST (POST_NO,USER_ID,CATEGORY_NO,TITLE,PLACE_NAME,PLACE_ADDRESS,LAT,LNG,CMT_YN,IS_AD,VIEW_COUNT,FEED_STATUS,CDATE,UDATE) values (43,'user02',1,'삼각지에서 혼밥','효뜨','서울 용산구 한강대로38길 35',37.528770495731195,126.97022225227056,'Y','N',0,'ACT',to_date('26/06/05','RR/MM/DD'),null);
Insert into SYSTEM.SNS_POST (POST_NO,USER_ID,CATEGORY_NO,TITLE,PLACE_NAME,PLACE_ADDRESS,LAT,LNG,CMT_YN,IS_AD,VIEW_COUNT,FEED_STATUS,CDATE,UDATE) values (44,'user02',4,'박물관에서 보낸 오후','국립중앙박물관','서울 용산구 서빙고로 137',37.52392249364415,126.98018716127058,'Y','N',0,'ACT',to_date('26/06/05','RR/MM/DD'),null);
Insert into SYSTEM.SNS_POST (POST_NO,USER_ID,CATEGORY_NO,TITLE,PLACE_NAME,PLACE_ADDRESS,LAT,LNG,CMT_YN,IS_AD,VIEW_COUNT,FEED_STATUS,CDATE,UDATE) values (45,'user03',1,'신사역 혼밥 성공','멘야하나비 신사점','서울 서초구 강남대로101안길 18-1',37.5162481008013,127.01759603488,'Y','N',0,'ACT',to_date('26/06/05','RR/MM/DD'),null);
Insert into SYSTEM.SNS_POST (POST_NO,USER_ID,CATEGORY_NO,TITLE,PLACE_NAME,PLACE_ADDRESS,LAT,LNG,CMT_YN,IS_AD,VIEW_COUNT,FEED_STATUS,CDATE,UDATE) values (46,'user03',4,'별마당도서관 구경','별마당도서관 스타필드코엑스몰','서울 강남구 삼성동 159-9',37.510192859355016,127.06015941426635,'Y','N',0,'ACT',to_date('26/06/05','RR/MM/DD'),null);
Insert into SYSTEM.SNS_POST (POST_NO,USER_ID,CATEGORY_NO,TITLE,PLACE_NAME,PLACE_ADDRESS,LAT,LNG,CMT_YN,IS_AD,VIEW_COUNT,FEED_STATUS,CDATE,UDATE) values (47,'user03',4,'선정릉 산책','서울선릉과정릉','서울 강남구 선릉로100길 1',37.5091105328378,127.04892851392,'Y','N',0,'ACT',to_date('26/06/05','RR/MM/DD'),null);
Insert into SYSTEM.SNS_POST (POST_NO,USER_ID,CATEGORY_NO,TITLE,PLACE_NAME,PLACE_ADDRESS,LAT,LNG,CMT_YN,IS_AD,VIEW_COUNT,FEED_STATUS,CDATE,UDATE) values (48,'user04',5,'제주에서 천천히 걷기','성산일출봉','제주특별자치도 서귀포시 성산읍 성산리 78',33.4591349705437,126.940537521366,'Y','N',0,'ACT',to_date('26/06/05','RR/MM/DD'),null);
Insert into SYSTEM.SNS_POST (POST_NO,USER_ID,CATEGORY_NO,TITLE,PLACE_NAME,PLACE_ADDRESS,LAT,LNG,CMT_YN,IS_AD,VIEW_COUNT,FEED_STATUS,CDATE,UDATE) values (49,'user04',5,'영도 골목','흰여울문화마을','부산 영도구 영선동4가 605-3',35.07944374604049,129.0437540909888,'Y','N',0,'ACT',to_date('26/06/05','RR/MM/DD'),null);
Insert into SYSTEM.SNS_POST (POST_NO,USER_ID,CATEGORY_NO,TITLE,PLACE_NAME,PLACE_ADDRESS,LAT,LNG,CMT_YN,IS_AD,VIEW_COUNT,FEED_STATUS,CDATE,UDATE) values (50,'user20',2,'혼술하기 좋은 마이리틀케이브','마이리틀케이브','서울 강남구 논현로94길 7',37.5024726826252,127.036931763963,'Y','Y',0,'ACT',to_date('26/06/05','RR/MM/DD'),null);
REM INSERTING into SYSTEM.SNS_POST_FILE
SET DEFINE OFF;
Insert into SYSTEM.SNS_POST_FILE (FILE_NO,POST_NO,ORIGIN_NAME,SAVE_NAME,FILE_PATH,FILE_TYPE,FILE_SIZE,FILE_ORDER,CDATE) values (39,40,'다운로드.jfif','1780641727478-318514854.jfif','/uploads/post/1780641727478-318514854.jfif','IMG',12589,2,to_date('26/06/05','RR/MM/DD'));
Insert into SYSTEM.SNS_POST_FILE (FILE_NO,POST_NO,ORIGIN_NAME,SAVE_NAME,FILE_PATH,FILE_TYPE,FILE_SIZE,FILE_ORDER,CDATE) values (36,39,'unnamed.jpg','1780641503871-800773404.jpg','/uploads/post/1780641503871-800773404.jpg','IMG',10428,1,to_date('26/06/05','RR/MM/DD'));
Insert into SYSTEM.SNS_POST_FILE (FILE_NO,POST_NO,ORIGIN_NAME,SAVE_NAME,FILE_PATH,FILE_TYPE,FILE_SIZE,FILE_ORDER,CDATE) values (37,39,'어니언 성부.jpg','1780641503871-354207121.jpg','/uploads/post/1780641503871-354207121.jpg','IMG',39905,2,to_date('26/06/05','RR/MM/DD'));
Insert into SYSTEM.SNS_POST_FILE (FILE_NO,POST_NO,ORIGIN_NAME,SAVE_NAME,FILE_PATH,FILE_TYPE,FILE_SIZE,FILE_ORDER,CDATE) values (38,40,'다운로드 (1).jfif','1780641727478-922774637.jfif','/uploads/post/1780641727478-922774637.jfif','IMG',11515,1,to_date('26/06/05','RR/MM/DD'));
Insert into SYSTEM.SNS_POST_FILE (FILE_NO,POST_NO,ORIGIN_NAME,SAVE_NAME,FILE_PATH,FILE_TYPE,FILE_SIZE,FILE_ORDER,CDATE) values (40,41,'다운로드 (2).jfif','1780641819302-604934202.jfif','/uploads/post/1780641819302-604934202.jfif','IMG',10990,1,to_date('26/06/05','RR/MM/DD'));
Insert into SYSTEM.SNS_POST_FILE (FILE_NO,POST_NO,ORIGIN_NAME,SAVE_NAME,FILE_PATH,FILE_TYPE,FILE_SIZE,FILE_ORDER,CDATE) values (41,41,'다운로드 (4).jfif','1780641819302-325692935.jfif','/uploads/post/1780641819302-325692935.jfif','IMG',12087,2,to_date('26/06/05','RR/MM/DD'));
Insert into SYSTEM.SNS_POST_FILE (FILE_NO,POST_NO,ORIGIN_NAME,SAVE_NAME,FILE_PATH,FILE_TYPE,FILE_SIZE,FILE_ORDER,CDATE) values (42,42,'다운로드 (5).jfif','1780642278226-443585165.jfif','/uploads/post/1780642278226-443585165.jfif','IMG',13267,1,to_date('26/06/05','RR/MM/DD'));
Insert into SYSTEM.SNS_POST_FILE (FILE_NO,POST_NO,ORIGIN_NAME,SAVE_NAME,FILE_PATH,FILE_TYPE,FILE_SIZE,FILE_ORDER,CDATE) values (43,42,'다운로드 (6).jfif','1780642278227-330712258.jfif','/uploads/post/1780642278227-330712258.jfif','IMG',11406,2,to_date('26/06/05','RR/MM/DD'));
Insert into SYSTEM.SNS_POST_FILE (FILE_NO,POST_NO,ORIGIN_NAME,SAVE_NAME,FILE_PATH,FILE_TYPE,FILE_SIZE,FILE_ORDER,CDATE) values (44,43,'3572373_image2_1.jpg','1780642388542-486593876.jpg','/uploads/post/1780642388542-486593876.jpg','IMG',150793,1,to_date('26/06/05','RR/MM/DD'));
Insert into SYSTEM.SNS_POST_FILE (FILE_NO,POST_NO,ORIGIN_NAME,SAVE_NAME,FILE_PATH,FILE_TYPE,FILE_SIZE,FILE_ORDER,CDATE) values (45,43,'images.jfif','1780642388543-570010394.jfif','/uploads/post/1780642388543-570010394.jfif','IMG',11195,2,to_date('26/06/05','RR/MM/DD'));
Insert into SYSTEM.SNS_POST_FILE (FILE_NO,POST_NO,ORIGIN_NAME,SAVE_NAME,FILE_PATH,FILE_TYPE,FILE_SIZE,FILE_ORDER,CDATE) values (46,44,'다운로드 (7).jfif','1780642529190-570161771.jfif','/uploads/post/1780642529190-570161771.jfif','IMG',358056,1,to_date('26/06/05','RR/MM/DD'));
Insert into SYSTEM.SNS_POST_FILE (FILE_NO,POST_NO,ORIGIN_NAME,SAVE_NAME,FILE_PATH,FILE_TYPE,FILE_SIZE,FILE_ORDER,CDATE) values (47,44,'다운로드 (8).jfif','1780642529191-798927906.jfif','/uploads/post/1780642529191-798927906.jfif','IMG',316887,2,to_date('26/06/05','RR/MM/DD'));
Insert into SYSTEM.SNS_POST_FILE (FILE_NO,POST_NO,ORIGIN_NAME,SAVE_NAME,FILE_PATH,FILE_TYPE,FILE_SIZE,FILE_ORDER,CDATE) values (48,44,'다운로드 (9).jfif','1780642529193-21468800.jfif','/uploads/post/1780642529193-21468800.jfif','IMG',262617,3,to_date('26/06/05','RR/MM/DD'));
Insert into SYSTEM.SNS_POST_FILE (FILE_NO,POST_NO,ORIGIN_NAME,SAVE_NAME,FILE_PATH,FILE_TYPE,FILE_SIZE,FILE_ORDER,CDATE) values (49,45,'다운로드 (10).jfif','1780642628094-259690275.jfif','/uploads/post/1780642628094-259690275.jfif','IMG',608922,1,to_date('26/06/05','RR/MM/DD'));
Insert into SYSTEM.SNS_POST_FILE (FILE_NO,POST_NO,ORIGIN_NAME,SAVE_NAME,FILE_PATH,FILE_TYPE,FILE_SIZE,FILE_ORDER,CDATE) values (50,46,'다운로드 (11).jfif','1780642795182-365709823.jfif','/uploads/post/1780642795182-365709823.jfif','IMG',381133,1,to_date('26/06/05','RR/MM/DD'));
Insert into SYSTEM.SNS_POST_FILE (FILE_NO,POST_NO,ORIGIN_NAME,SAVE_NAME,FILE_PATH,FILE_TYPE,FILE_SIZE,FILE_ORDER,CDATE) values (51,46,'다운로드 (12).jfif','1780642795184-56599560.jfif','/uploads/post/1780642795184-56599560.jfif','IMG',466156,2,to_date('26/06/05','RR/MM/DD'));
Insert into SYSTEM.SNS_POST_FILE (FILE_NO,POST_NO,ORIGIN_NAME,SAVE_NAME,FILE_PATH,FILE_TYPE,FILE_SIZE,FILE_ORDER,CDATE) values (52,47,'다운로드 (13).jfif','1780642904061-117912377.jfif','/uploads/post/1780642904061-117912377.jfif','IMG',485581,1,to_date('26/06/05','RR/MM/DD'));
Insert into SYSTEM.SNS_POST_FILE (FILE_NO,POST_NO,ORIGIN_NAME,SAVE_NAME,FILE_PATH,FILE_TYPE,FILE_SIZE,FILE_ORDER,CDATE) values (53,48,'다운로드 (14).jfif','1780643072422-219556177.jfif','/uploads/post/1780643072422-219556177.jfif','IMG',73210,1,to_date('26/06/05','RR/MM/DD'));
Insert into SYSTEM.SNS_POST_FILE (FILE_NO,POST_NO,ORIGIN_NAME,SAVE_NAME,FILE_PATH,FILE_TYPE,FILE_SIZE,FILE_ORDER,CDATE) values (54,49,'다운로드 (15).jfif','1780643147309-3903621.jfif','/uploads/post/1780643147309-3903621.jfif','IMG',407556,1,to_date('26/06/05','RR/MM/DD'));
Insert into SYSTEM.SNS_POST_FILE (FILE_NO,POST_NO,ORIGIN_NAME,SAVE_NAME,FILE_PATH,FILE_TYPE,FILE_SIZE,FILE_ORDER,CDATE) values (55,50,'images (2).jfif','1780649506628-24142828.jfif','/uploads/post/1780649506628-24142828.jfif','IMG',10342,1,to_date('26/06/05','RR/MM/DD'));
REM INSERTING into SYSTEM.SNS_POST_LIKE
SET DEFINE OFF;
REM INSERTING into SYSTEM.SNS_POST_TAG
SET DEFINE OFF;
Insert into SYSTEM.SNS_POST_TAG (POST_TAG_NO,POST_NO,TAG_NO) values (53,40,383);
Insert into SYSTEM.SNS_POST_TAG (POST_TAG_NO,POST_NO,TAG_NO) values (48,39,14);
Insert into SYSTEM.SNS_POST_TAG (POST_TAG_NO,POST_NO,TAG_NO) values (49,39,380);
Insert into SYSTEM.SNS_POST_TAG (POST_TAG_NO,POST_NO,TAG_NO) values (50,39,13);
Insert into SYSTEM.SNS_POST_TAG (POST_TAG_NO,POST_NO,TAG_NO) values (51,39,1);
Insert into SYSTEM.SNS_POST_TAG (POST_TAG_NO,POST_NO,TAG_NO) values (52,40,1);
Insert into SYSTEM.SNS_POST_TAG (POST_TAG_NO,POST_NO,TAG_NO) values (54,40,14);
Insert into SYSTEM.SNS_POST_TAG (POST_TAG_NO,POST_NO,TAG_NO) values (55,40,380);
Insert into SYSTEM.SNS_POST_TAG (POST_TAG_NO,POST_NO,TAG_NO) values (56,40,223);
Insert into SYSTEM.SNS_POST_TAG (POST_TAG_NO,POST_NO,TAG_NO) values (57,40,379);
Insert into SYSTEM.SNS_POST_TAG (POST_TAG_NO,POST_NO,TAG_NO) values (58,40,384);
Insert into SYSTEM.SNS_POST_TAG (POST_TAG_NO,POST_NO,TAG_NO) values (59,41,7);
Insert into SYSTEM.SNS_POST_TAG (POST_TAG_NO,POST_NO,TAG_NO) values (60,41,14);
Insert into SYSTEM.SNS_POST_TAG (POST_TAG_NO,POST_NO,TAG_NO) values (61,41,380);
Insert into SYSTEM.SNS_POST_TAG (POST_TAG_NO,POST_NO,TAG_NO) values (62,41,85);
Insert into SYSTEM.SNS_POST_TAG (POST_TAG_NO,POST_NO,TAG_NO) values (63,41,211);
Insert into SYSTEM.SNS_POST_TAG (POST_TAG_NO,POST_NO,TAG_NO) values (64,42,1);
Insert into SYSTEM.SNS_POST_TAG (POST_TAG_NO,POST_NO,TAG_NO) values (65,42,385);
Insert into SYSTEM.SNS_POST_TAG (POST_TAG_NO,POST_NO,TAG_NO) values (66,42,104);
Insert into SYSTEM.SNS_POST_TAG (POST_TAG_NO,POST_NO,TAG_NO) values (67,42,380);
Insert into SYSTEM.SNS_POST_TAG (POST_TAG_NO,POST_NO,TAG_NO) values (68,42,379);
Insert into SYSTEM.SNS_POST_TAG (POST_TAG_NO,POST_NO,TAG_NO) values (69,43,1);
Insert into SYSTEM.SNS_POST_TAG (POST_TAG_NO,POST_NO,TAG_NO) values (70,43,379);
Insert into SYSTEM.SNS_POST_TAG (POST_TAG_NO,POST_NO,TAG_NO) values (71,43,104);
Insert into SYSTEM.SNS_POST_TAG (POST_TAG_NO,POST_NO,TAG_NO) values (72,44,19);
Insert into SYSTEM.SNS_POST_TAG (POST_TAG_NO,POST_NO,TAG_NO) values (73,44,386);
Insert into SYSTEM.SNS_POST_TAG (POST_TAG_NO,POST_NO,TAG_NO) values (74,44,104);
Insert into SYSTEM.SNS_POST_TAG (POST_TAG_NO,POST_NO,TAG_NO) values (75,44,241);
Insert into SYSTEM.SNS_POST_TAG (POST_TAG_NO,POST_NO,TAG_NO) values (76,45,1);
Insert into SYSTEM.SNS_POST_TAG (POST_TAG_NO,POST_NO,TAG_NO) values (77,45,55);
Insert into SYSTEM.SNS_POST_TAG (POST_TAG_NO,POST_NO,TAG_NO) values (78,46,19);
Insert into SYSTEM.SNS_POST_TAG (POST_TAG_NO,POST_NO,TAG_NO) values (79,46,265);
Insert into SYSTEM.SNS_POST_TAG (POST_TAG_NO,POST_NO,TAG_NO) values (80,46,387);
Insert into SYSTEM.SNS_POST_TAG (POST_TAG_NO,POST_NO,TAG_NO) values (81,46,380);
Insert into SYSTEM.SNS_POST_TAG (POST_TAG_NO,POST_NO,TAG_NO) values (82,46,2);
Insert into SYSTEM.SNS_POST_TAG (POST_TAG_NO,POST_NO,TAG_NO) values (83,47,19);
Insert into SYSTEM.SNS_POST_TAG (POST_TAG_NO,POST_NO,TAG_NO) values (84,47,388);
Insert into SYSTEM.SNS_POST_TAG (POST_TAG_NO,POST_NO,TAG_NO) values (85,47,2);
Insert into SYSTEM.SNS_POST_TAG (POST_TAG_NO,POST_NO,TAG_NO) values (86,47,380);
Insert into SYSTEM.SNS_POST_TAG (POST_TAG_NO,POST_NO,TAG_NO) values (87,47,37);
Insert into SYSTEM.SNS_POST_TAG (POST_TAG_NO,POST_NO,TAG_NO) values (88,48,25);
Insert into SYSTEM.SNS_POST_TAG (POST_TAG_NO,POST_NO,TAG_NO) values (89,48,242);
Insert into SYSTEM.SNS_POST_TAG (POST_TAG_NO,POST_NO,TAG_NO) values (90,48,389);
Insert into SYSTEM.SNS_POST_TAG (POST_TAG_NO,POST_NO,TAG_NO) values (91,49,25);
Insert into SYSTEM.SNS_POST_TAG (POST_TAG_NO,POST_NO,TAG_NO) values (92,49,218);
Insert into SYSTEM.SNS_POST_TAG (POST_TAG_NO,POST_NO,TAG_NO) values (93,49,37);
Insert into SYSTEM.SNS_POST_TAG (POST_TAG_NO,POST_NO,TAG_NO) values (94,50,390);
Insert into SYSTEM.SNS_POST_TAG (POST_TAG_NO,POST_NO,TAG_NO) values (95,50,97);
Insert into SYSTEM.SNS_POST_TAG (POST_TAG_NO,POST_NO,TAG_NO) values (96,50,380);
Insert into SYSTEM.SNS_POST_TAG (POST_TAG_NO,POST_NO,TAG_NO) values (97,50,2);
Insert into SYSTEM.SNS_POST_TAG (POST_TAG_NO,POST_NO,TAG_NO) values (98,50,391);
REM INSERTING into SYSTEM.SNS_REPORT
SET DEFINE OFF;
REM INSERTING into SYSTEM.SNS_SEARCH_LOG
SET DEFINE OFF;
REM INSERTING into SYSTEM.SNS_TAG
SET DEFINE OFF;
Insert into SYSTEM.SNS_TAG (TAG_NO,TAG_NAME,TAG_TYPE,ALGO_YN) values (1,'혼밥','SYS','Y');
Insert into SYSTEM.SNS_TAG (TAG_NO,TAG_NAME,TAG_TYPE,ALGO_YN) values (2,'강남','SYS','Y');
Insert into SYSTEM.SNS_TAG (TAG_NO,TAG_NAME,TAG_TYPE,ALGO_YN) values (3,'양양','SYS','Y');
Insert into SYSTEM.SNS_TAG (TAG_NO,TAG_NAME,TAG_TYPE,ALGO_YN) values (4,'암사','SYS','Y');
Insert into SYSTEM.SNS_TAG (TAG_NO,TAG_NAME,TAG_TYPE,ALGO_YN) values (5,'평촌','SYS','Y');
Insert into SYSTEM.SNS_TAG (TAG_NO,TAG_NAME,TAG_TYPE,ALGO_YN) values (6,'수진','SYS','Y');
Insert into SYSTEM.SNS_TAG (TAG_NO,TAG_NAME,TAG_TYPE,ALGO_YN) values (7,'혼술','SYS','Y');
Insert into SYSTEM.SNS_TAG (TAG_NO,TAG_NAME,TAG_TYPE,ALGO_YN) values (8,'홍대','SYS','Y');
Insert into SYSTEM.SNS_TAG (TAG_NO,TAG_NAME,TAG_TYPE,ALGO_YN) values (9,'아현','SYS','Y');
Insert into SYSTEM.SNS_TAG (TAG_NO,TAG_NAME,TAG_TYPE,ALGO_YN) values (10,'명일','SYS','Y');
Insert into SYSTEM.SNS_TAG (TAG_NO,TAG_NAME,TAG_TYPE,ALGO_YN) values (11,'비산','SYS','Y');
Insert into SYSTEM.SNS_TAG (TAG_NO,TAG_NAME,TAG_TYPE,ALGO_YN) values (12,'신흥','SYS','Y');
Insert into SYSTEM.SNS_TAG (TAG_NO,TAG_NAME,TAG_TYPE,ALGO_YN) values (13,'혼카페','SYS','Y');
Insert into SYSTEM.SNS_TAG (TAG_NO,TAG_NAME,TAG_TYPE,ALGO_YN) values (14,'성수','SYS','Y');
Insert into SYSTEM.SNS_TAG (TAG_NO,TAG_NAME,TAG_TYPE,ALGO_YN) values (15,'염리','SYS','Y');
Insert into SYSTEM.SNS_TAG (TAG_NO,TAG_NAME,TAG_TYPE,ALGO_YN) values (16,'고덕','SYS','Y');
Insert into SYSTEM.SNS_TAG (TAG_NO,TAG_NAME,TAG_TYPE,ALGO_YN) values (17,'관양','SYS','Y');
Insert into SYSTEM.SNS_TAG (TAG_NO,TAG_NAME,TAG_TYPE,ALGO_YN) values (18,'단대','SYS','Y');
Insert into SYSTEM.SNS_TAG (TAG_NO,TAG_NAME,TAG_TYPE,ALGO_YN) values (19,'혼놀','SYS','Y');
Insert into SYSTEM.SNS_TAG (TAG_NO,TAG_NAME,TAG_TYPE,ALGO_YN) values (20,'을지로','SYS','Y');
Insert into SYSTEM.SNS_TAG (TAG_NO,TAG_NAME,TAG_TYPE,ALGO_YN) values (21,'공덕','SYS','Y');
Insert into SYSTEM.SNS_TAG (TAG_NO,TAG_NAME,TAG_TYPE,ALGO_YN) values (22,'상일','SYS','Y');
Insert into SYSTEM.SNS_TAG (TAG_NO,TAG_NAME,TAG_TYPE,ALGO_YN) values (23,'호계','SYS','Y');
Insert into SYSTEM.SNS_TAG (TAG_NO,TAG_NAME,TAG_TYPE,ALGO_YN) values (24,'상대원','SYS','Y');
Insert into SYSTEM.SNS_TAG (TAG_NO,TAG_NAME,TAG_TYPE,ALGO_YN) values (25,'혼행','SYS','Y');
Insert into SYSTEM.SNS_TAG (TAG_NO,TAG_NAME,TAG_TYPE,ALGO_YN) values (26,'종로','SYS','Y');
Insert into SYSTEM.SNS_TAG (TAG_NO,TAG_NAME,TAG_TYPE,ALGO_YN) values (27,'대흥','SYS','Y');
Insert into SYSTEM.SNS_TAG (TAG_NO,TAG_NAME,TAG_TYPE,ALGO_YN) values (28,'오금','SYS','Y');
Insert into SYSTEM.SNS_TAG (TAG_NO,TAG_NAME,TAG_TYPE,ALGO_YN) values (29,'박달','SYS','Y');
Insert into SYSTEM.SNS_TAG (TAG_NO,TAG_NAME,TAG_TYPE,ALGO_YN) values (30,'금광','SYS','Y');
Insert into SYSTEM.SNS_TAG (TAG_NO,TAG_NAME,TAG_TYPE,ALGO_YN) values (31,'일상기록','SYS','Y');
Insert into SYSTEM.SNS_TAG (TAG_NO,TAG_NAME,TAG_TYPE,ALGO_YN) values (32,'익선동','SYS','Y');
Insert into SYSTEM.SNS_TAG (TAG_NO,TAG_NAME,TAG_TYPE,ALGO_YN) values (33,'연희','SYS','Y');
Insert into SYSTEM.SNS_TAG (TAG_NO,TAG_NAME,TAG_TYPE,ALGO_YN) values (34,'가락','SYS','Y');
Insert into SYSTEM.SNS_TAG (TAG_NO,TAG_NAME,TAG_TYPE,ALGO_YN) values (35,'석수','SYS','Y');
Insert into SYSTEM.SNS_TAG (TAG_NO,TAG_NAME,TAG_TYPE,ALGO_YN) values (36,'도촌','SYS','Y');
Insert into SYSTEM.SNS_TAG (TAG_NO,TAG_NAME,TAG_TYPE,ALGO_YN) values (37,'산책','SYS','Y');
Insert into SYSTEM.SNS_TAG (TAG_NO,TAG_NAME,TAG_TYPE,ALGO_YN) values (38,'한남동','SYS','Y');
Insert into SYSTEM.SNS_TAG (TAG_NO,TAG_NAME,TAG_TYPE,ALGO_YN) values (39,'북가좌','SYS','Y');
Insert into SYSTEM.SNS_TAG (TAG_NO,TAG_NAME,TAG_TYPE,ALGO_YN) values (40,'문정','SYS','Y');
Insert into SYSTEM.SNS_TAG (TAG_NO,TAG_NAME,TAG_TYPE,ALGO_YN) values (41,'인덕원','SYS','Y');
Insert into SYSTEM.SNS_TAG (TAG_NO,TAG_NAME,TAG_TYPE,ALGO_YN) values (42,'백현','SYS','Y');
Insert into SYSTEM.SNS_TAG (TAG_NO,TAG_NAME,TAG_TYPE,ALGO_YN) values (43,'한식','SYS','Y');
Insert into SYSTEM.SNS_TAG (TAG_NO,TAG_NAME,TAG_TYPE,ALGO_YN) values (44,'이태원','SYS','Y');
Insert into SYSTEM.SNS_TAG (TAG_NO,TAG_NAME,TAG_TYPE,ALGO_YN) values (45,'남가좌','SYS','Y');
Insert into SYSTEM.SNS_TAG (TAG_NO,TAG_NAME,TAG_TYPE,ALGO_YN) values (46,'장지','SYS','Y');
Insert into SYSTEM.SNS_TAG (TAG_NO,TAG_NAME,TAG_TYPE,ALGO_YN) values (47,'수암','SYS','Y');
Insert into SYSTEM.SNS_TAG (TAG_NO,TAG_NAME,TAG_TYPE,ALGO_YN) values (48,'삼평','SYS','Y');
Insert into SYSTEM.SNS_TAG (TAG_NO,TAG_NAME,TAG_TYPE,ALGO_YN) values (49,'양식','SYS','Y');
Insert into SYSTEM.SNS_TAG (TAG_NO,TAG_NAME,TAG_TYPE,ALGO_YN) values (50,'잠실','SYS','Y');
Insert into SYSTEM.SNS_TAG (TAG_NO,TAG_NAME,TAG_TYPE,ALGO_YN) values (51,'증산','SYS','Y');
Insert into SYSTEM.SNS_TAG (TAG_NO,TAG_NAME,TAG_TYPE,ALGO_YN) values (52,'거여','SYS','Y');
Insert into SYSTEM.SNS_TAG (TAG_NO,TAG_NAME,TAG_TYPE,ALGO_YN) values (53,'원곡','SYS','Y');
Insert into SYSTEM.SNS_TAG (TAG_NO,TAG_NAME,TAG_TYPE,ALGO_YN) values (54,'운중','SYS','Y');
Insert into SYSTEM.SNS_TAG (TAG_NO,TAG_NAME,TAG_TYPE,ALGO_YN) values (55,'일식','SYS','Y');
Insert into SYSTEM.SNS_TAG (TAG_NO,TAG_NAME,TAG_TYPE,ALGO_YN) values (56,'건대','SYS','Y');
Insert into SYSTEM.SNS_TAG (TAG_NO,TAG_NAME,TAG_TYPE,ALGO_YN) values (57,'수색','SYS','Y');
Insert into SYSTEM.SNS_TAG (TAG_NO,TAG_NAME,TAG_TYPE,ALGO_YN) values (58,'마천','SYS','Y');
Insert into SYSTEM.SNS_TAG (TAG_NO,TAG_NAME,TAG_TYPE,ALGO_YN) values (59,'선부','SYS','Y');
Insert into SYSTEM.SNS_TAG (TAG_NO,TAG_NAME,TAG_TYPE,ALGO_YN) values (60,'동천','SYS','Y');
Insert into SYSTEM.SNS_TAG (TAG_NO,TAG_NAME,TAG_TYPE,ALGO_YN) values (61,'중식','SYS','Y');
Insert into SYSTEM.SNS_TAG (TAG_NO,TAG_NAME,TAG_TYPE,ALGO_YN) values (62,'신촌','SYS','Y');
Insert into SYSTEM.SNS_TAG (TAG_NO,TAG_NAME,TAG_TYPE,ALGO_YN) values (63,'불광','SYS','Y');
Insert into SYSTEM.SNS_TAG (TAG_NO,TAG_NAME,TAG_TYPE,ALGO_YN) values (64,'잠원','SYS','Y');
Insert into SYSTEM.SNS_TAG (TAG_NO,TAG_NAME,TAG_TYPE,ALGO_YN) values (65,'고잔','SYS','Y');
Insert into SYSTEM.SNS_TAG (TAG_NO,TAG_NAME,TAG_TYPE,ALGO_YN) values (66,'죽전','SYS','Y');
Insert into SYSTEM.SNS_TAG (TAG_NO,TAG_NAME,TAG_TYPE,ALGO_YN) values (67,'분식','SYS','Y');
Insert into SYSTEM.SNS_TAG (TAG_NO,TAG_NAME,TAG_TYPE,ALGO_YN) values (68,'연남동','SYS','Y');
Insert into SYSTEM.SNS_TAG (TAG_NO,TAG_NAME,TAG_TYPE,ALGO_YN) values (69,'갈현','SYS','Y');
Insert into SYSTEM.SNS_TAG (TAG_NO,TAG_NAME,TAG_TYPE,ALGO_YN) values (70,'반포','SYS','Y');
Insert into SYSTEM.SNS_TAG (TAG_NO,TAG_NAME,TAG_TYPE,ALGO_YN) values (71,'와동','SYS','Y');
Insert into SYSTEM.SNS_TAG (TAG_NO,TAG_NAME,TAG_TYPE,ALGO_YN) values (72,'보정','SYS','Y');
Insert into SYSTEM.SNS_TAG (TAG_NO,TAG_NAME,TAG_TYPE,ALGO_YN) values (73,'디저트','SYS','Y');
Insert into SYSTEM.SNS_TAG (TAG_NO,TAG_NAME,TAG_TYPE,ALGO_YN) values (74,'망원동','SYS','Y');
Insert into SYSTEM.SNS_TAG (TAG_NO,TAG_NAME,TAG_TYPE,ALGO_YN) values (75,'응암','SYS','Y');
Insert into SYSTEM.SNS_TAG (TAG_NO,TAG_NAME,TAG_TYPE,ALGO_YN) values (76,'방배','SYS','Y');
Insert into SYSTEM.SNS_TAG (TAG_NO,TAG_NAME,TAG_TYPE,ALGO_YN) values (77,'월피','SYS','Y');
Insert into SYSTEM.SNS_TAG (TAG_NO,TAG_NAME,TAG_TYPE,ALGO_YN) values (78,'구성','SYS','Y');
Insert into SYSTEM.SNS_TAG (TAG_NO,TAG_NAME,TAG_TYPE,ALGO_YN) values (79,'소주','SYS','Y');
Insert into SYSTEM.SNS_TAG (TAG_NO,TAG_NAME,TAG_TYPE,ALGO_YN) values (80,'합정','SYS','Y');
Insert into SYSTEM.SNS_TAG (TAG_NO,TAG_NAME,TAG_TYPE,ALGO_YN) values (81,'역촌','SYS','Y');
Insert into SYSTEM.SNS_TAG (TAG_NO,TAG_NAME,TAG_TYPE,ALGO_YN) values (82,'양재','SYS','Y');
Insert into SYSTEM.SNS_TAG (TAG_NO,TAG_NAME,TAG_TYPE,ALGO_YN) values (83,'본오','SYS','Y');
Insert into SYSTEM.SNS_TAG (TAG_NO,TAG_NAME,TAG_TYPE,ALGO_YN) values (84,'기흥','SYS','Y');
Insert into SYSTEM.SNS_TAG (TAG_NO,TAG_NAME,TAG_TYPE,ALGO_YN) values (85,'맥주','SYS','Y');
Insert into SYSTEM.SNS_TAG (TAG_NO,TAG_NAME,TAG_TYPE,ALGO_YN) values (86,'압구정','SYS','Y');
Insert into SYSTEM.SNS_TAG (TAG_NO,TAG_NAME,TAG_TYPE,ALGO_YN) values (87,'녹번','SYS','Y');
Insert into SYSTEM.SNS_TAG (TAG_NO,TAG_NAME,TAG_TYPE,ALGO_YN) values (88,'도곡','SYS','Y');
Insert into SYSTEM.SNS_TAG (TAG_NO,TAG_NAME,TAG_TYPE,ALGO_YN) values (89,'부곡','SYS','Y');
Insert into SYSTEM.SNS_TAG (TAG_NO,TAG_NAME,TAG_TYPE,ALGO_YN) values (90,'영덕','SYS','Y');
Insert into SYSTEM.SNS_TAG (TAG_NO,TAG_NAME,TAG_TYPE,ALGO_YN) values (91,'막걸리','SYS','Y');
Insert into SYSTEM.SNS_TAG (TAG_NO,TAG_NAME,TAG_TYPE,ALGO_YN) values (92,'청담','SYS','Y');
Insert into SYSTEM.SNS_TAG (TAG_NO,TAG_NAME,TAG_TYPE,ALGO_YN) values (93,'홍제','SYS','Y');
Insert into SYSTEM.SNS_TAG (TAG_NO,TAG_NAME,TAG_TYPE,ALGO_YN) values (94,'개포','SYS','Y');
Insert into SYSTEM.SNS_TAG (TAG_NO,TAG_NAME,TAG_TYPE,ALGO_YN) values (95,'이동','SYS','Y');
Insert into SYSTEM.SNS_TAG (TAG_NO,TAG_NAME,TAG_TYPE,ALGO_YN) values (96,'청덕','SYS','Y');
Insert into SYSTEM.SNS_TAG (TAG_NO,TAG_NAME,TAG_TYPE,ALGO_YN) values (97,'와인','SYS','Y');
Insert into SYSTEM.SNS_TAG (TAG_NO,TAG_NAME,TAG_TYPE,ALGO_YN) values (98,'여의도','SYS','Y');
Insert into SYSTEM.SNS_TAG (TAG_NO,TAG_NAME,TAG_TYPE,ALGO_YN) values (99,'천연','SYS','Y');
Insert into SYSTEM.SNS_TAG (TAG_NO,TAG_NAME,TAG_TYPE,ALGO_YN) values (100,'일원','SYS','Y');
Insert into SYSTEM.SNS_TAG (TAG_NO,TAG_NAME,TAG_TYPE,ALGO_YN) values (101,'사동','SYS','Y');
Insert into SYSTEM.SNS_TAG (TAG_NO,TAG_NAME,TAG_TYPE,ALGO_YN) values (102,'상현','SYS','Y');
Insert into SYSTEM.SNS_TAG (TAG_NO,TAG_NAME,TAG_TYPE,ALGO_YN) values (103,'위스키','SYS','Y');
Insert into SYSTEM.SNS_TAG (TAG_NO,TAG_NAME,TAG_TYPE,ALGO_YN) values (104,'용산','SYS','Y');
Insert into SYSTEM.SNS_TAG (TAG_NO,TAG_NAME,TAG_TYPE,ALGO_YN) values (105,'옥천','SYS','Y');
Insert into SYSTEM.SNS_TAG (TAG_NO,TAG_NAME,TAG_TYPE,ALGO_YN) values (106,'수서','SYS','Y');
Insert into SYSTEM.SNS_TAG (TAG_NO,TAG_NAME,TAG_TYPE,ALGO_YN) values (107,'정왕','SYS','Y');
Insert into SYSTEM.SNS_TAG (TAG_NO,TAG_NAME,TAG_TYPE,ALGO_YN) values (108,'매탄','SYS','Y');
Insert into SYSTEM.SNS_TAG (TAG_NO,TAG_NAME,TAG_TYPE,ALGO_YN) values (109,'칵테일','SYS','Y');
Insert into SYSTEM.SNS_TAG (TAG_NO,TAG_NAME,TAG_TYPE,ALGO_YN) values (110,'성북동','SYS','Y');
Insert into SYSTEM.SNS_TAG (TAG_NO,TAG_NAME,TAG_TYPE,ALGO_YN) values (111,'행촌','SYS','Y');
Insert into SYSTEM.SNS_TAG (TAG_NO,TAG_NAME,TAG_TYPE,ALGO_YN) values (112,'세곡','SYS','Y');
Insert into SYSTEM.SNS_TAG (TAG_NO,TAG_NAME,TAG_TYPE,ALGO_YN) values (113,'배곧','SYS','Y');
Insert into SYSTEM.SNS_TAG (TAG_NO,TAG_NAME,TAG_TYPE,ALGO_YN) values (114,'영통','SYS','Y');
Insert into SYSTEM.SNS_TAG (TAG_NO,TAG_NAME,TAG_TYPE,ALGO_YN) values (115,'혼술바','SYS','Y');
Insert into SYSTEM.SNS_TAG (TAG_NO,TAG_NAME,TAG_TYPE,ALGO_YN) values (116,'북촌','SYS','Y');
Insert into SYSTEM.SNS_TAG (TAG_NO,TAG_NAME,TAG_TYPE,ALGO_YN) values (117,'교남','SYS','Y');
Insert into SYSTEM.SNS_TAG (TAG_NO,TAG_NAME,TAG_TYPE,ALGO_YN) values (118,'자곡','SYS','Y');
Insert into SYSTEM.SNS_TAG (TAG_NO,TAG_NAME,TAG_TYPE,ALGO_YN) values (119,'월곶','SYS','Y');
Insert into SYSTEM.SNS_TAG (TAG_NO,TAG_NAME,TAG_TYPE,ALGO_YN) values (120,'망포','SYS','Y');
Insert into SYSTEM.SNS_TAG (TAG_NO,TAG_NAME,TAG_TYPE,ALGO_YN) values (121,'드라이브','SYS','Y');
Insert into SYSTEM.SNS_TAG (TAG_NO,TAG_NAME,TAG_TYPE,ALGO_YN) values (122,'서촌','SYS','Y');
Insert into SYSTEM.SNS_TAG (TAG_NO,TAG_NAME,TAG_TYPE,ALGO_YN) values (123,'무악','SYS','Y');
Insert into SYSTEM.SNS_TAG (TAG_NO,TAG_NAME,TAG_TYPE,ALGO_YN) values (124,'개봉','SYS','Y');
Insert into SYSTEM.SNS_TAG (TAG_NO,TAG_NAME,TAG_TYPE,ALGO_YN) values (125,'장곡','SYS','Y');
Insert into SYSTEM.SNS_TAG (TAG_NO,TAG_NAME,TAG_TYPE,ALGO_YN) values (126,'권선','SYS','Y');
Insert into SYSTEM.SNS_TAG (TAG_NO,TAG_NAME,TAG_TYPE,ALGO_YN) values (127,'쇼핑','SYS','Y');
Insert into SYSTEM.SNS_TAG (TAG_NO,TAG_NAME,TAG_TYPE,ALGO_YN) values (128,'광화문','SYS','Y');
Insert into SYSTEM.SNS_TAG (TAG_NO,TAG_NAME,TAG_TYPE,ALGO_YN) values (129,'평동','SYS','Y');
Insert into SYSTEM.SNS_TAG (TAG_NO,TAG_NAME,TAG_TYPE,ALGO_YN) values (130,'고척','SYS','Y');
Insert into SYSTEM.SNS_TAG (TAG_NO,TAG_NAME,TAG_TYPE,ALGO_YN) values (131,'은행','SYS','Y');
Insert into SYSTEM.SNS_TAG (TAG_NO,TAG_NAME,TAG_TYPE,ALGO_YN) values (132,'세류','SYS','Y');
Insert into SYSTEM.SNS_TAG (TAG_NO,TAG_NAME,TAG_TYPE,ALGO_YN) values (133,'게임','SYS','Y');
Insert into SYSTEM.SNS_TAG (TAG_NO,TAG_NAME,TAG_TYPE,ALGO_YN) values (134,'노량진','SYS','Y');
Insert into SYSTEM.SNS_TAG (TAG_NO,TAG_NAME,TAG_TYPE,ALGO_YN) values (135,'중림','SYS','Y');
Insert into SYSTEM.SNS_TAG (TAG_NO,TAG_NAME,TAG_TYPE,ALGO_YN) values (136,'오류','SYS','Y');
Insert into SYSTEM.SNS_TAG (TAG_NO,TAG_NAME,TAG_TYPE,ALGO_YN) values (137,'능곡','SYS','Y');
Insert into SYSTEM.SNS_TAG (TAG_NO,TAG_NAME,TAG_TYPE,ALGO_YN) values (138,'인계','SYS','Y');
Insert into SYSTEM.SNS_TAG (TAG_NO,TAG_NAME,TAG_TYPE,ALGO_YN) values (139,'전시','SYS','Y');
Insert into SYSTEM.SNS_TAG (TAG_NO,TAG_NAME,TAG_TYPE,ALGO_YN) values (140,'동묘','SYS','Y');
Insert into SYSTEM.SNS_TAG (TAG_NO,TAG_NAME,TAG_TYPE,ALGO_YN) values (141,'만리','SYS','Y');
Insert into SYSTEM.SNS_TAG (TAG_NO,TAG_NAME,TAG_TYPE,ALGO_YN) values (142,'궁동','SYS','Y');
Insert into SYSTEM.SNS_TAG (TAG_NO,TAG_NAME,TAG_TYPE,ALGO_YN) values (143,'대야','SYS','Y');
Insert into SYSTEM.SNS_TAG (TAG_NO,TAG_NAME,TAG_TYPE,ALGO_YN) values (144,'화서','SYS','Y');
Insert into SYSTEM.SNS_TAG (TAG_NO,TAG_NAME,TAG_TYPE,ALGO_YN) values (145,'영화','SYS','Y');
Insert into SYSTEM.SNS_TAG (TAG_NO,TAG_NAME,TAG_TYPE,ALGO_YN) values (146,'문래','SYS','Y');
Insert into SYSTEM.SNS_TAG (TAG_NO,TAG_NAME,TAG_TYPE,ALGO_YN) values (147,'청파','SYS','Y');
Insert into SYSTEM.SNS_TAG (TAG_NO,TAG_NAME,TAG_TYPE,ALGO_YN) values (148,'온수','SYS','Y');
Insert into SYSTEM.SNS_TAG (TAG_NO,TAG_NAME,TAG_TYPE,ALGO_YN) values (149,'신천','SYS','Y');
Insert into SYSTEM.SNS_TAG (TAG_NO,TAG_NAME,TAG_TYPE,ALGO_YN) values (150,'율전','SYS','Y');
Insert into SYSTEM.SNS_TAG (TAG_NO,TAG_NAME,TAG_TYPE,ALGO_YN) values (151,'공연','SYS','Y');
Insert into SYSTEM.SNS_TAG (TAG_NO,TAG_NAME,TAG_TYPE,ALGO_YN) values (152,'가로수길','SYS','Y');
Insert into SYSTEM.SNS_TAG (TAG_NO,TAG_NAME,TAG_TYPE,ALGO_YN) values (153,'원효','SYS','Y');
Insert into SYSTEM.SNS_TAG (TAG_NO,TAG_NAME,TAG_TYPE,ALGO_YN) values (154,'항동','SYS','Y');
Insert into SYSTEM.SNS_TAG (TAG_NO,TAG_NAME,TAG_TYPE,ALGO_YN) values (155,'연성','SYS','Y');
Insert into SYSTEM.SNS_TAG (TAG_NO,TAG_NAME,TAG_TYPE,ALGO_YN) values (156,'천천','SYS','Y');
Insert into SYSTEM.SNS_TAG (TAG_NO,TAG_NAME,TAG_TYPE,ALGO_YN) values (157,'독서','SYS','Y');
Insert into SYSTEM.SNS_TAG (TAG_NO,TAG_NAME,TAG_TYPE,ALGO_YN) values (158,'송리단길','SYS','Y');
Insert into SYSTEM.SNS_TAG (TAG_NO,TAG_NAME,TAG_TYPE,ALGO_YN) values (159,'효창','SYS','Y');
Insert into SYSTEM.SNS_TAG (TAG_NO,TAG_NAME,TAG_TYPE,ALGO_YN) values (160,'독산','SYS','Y');
Insert into SYSTEM.SNS_TAG (TAG_NO,TAG_NAME,TAG_TYPE,ALGO_YN) values (161,'하중','SYS','Y');
Insert into SYSTEM.SNS_TAG (TAG_NO,TAG_NAME,TAG_TYPE,ALGO_YN) values (162,'송죽','SYS','Y');
Insert into SYSTEM.SNS_TAG (TAG_NO,TAG_NAME,TAG_TYPE,ALGO_YN) values (163,'사진','SYS','Y');
Insert into SYSTEM.SNS_TAG (TAG_NO,TAG_NAME,TAG_TYPE,ALGO_YN) values (164,'해방촌','SYS','Y');
Insert into SYSTEM.SNS_TAG (TAG_NO,TAG_NAME,TAG_TYPE,ALGO_YN) values (165,'용문','SYS','Y');
Insert into SYSTEM.SNS_TAG (TAG_NO,TAG_NAME,TAG_TYPE,ALGO_YN) values (166,'시흥','SYS','Y');
Insert into SYSTEM.SNS_TAG (TAG_NO,TAG_NAME,TAG_TYPE,ALGO_YN) values (167,'목감','SYS','Y');
Insert into SYSTEM.SNS_TAG (TAG_NO,TAG_NAME,TAG_TYPE,ALGO_YN) values (168,'조원','SYS','Y');
Insert into SYSTEM.SNS_TAG (TAG_NO,TAG_NAME,TAG_TYPE,ALGO_YN) values (169,'국내여행','SYS','Y');
Insert into SYSTEM.SNS_TAG (TAG_NO,TAG_NAME,TAG_TYPE,ALGO_YN) values (170,'경리단길','SYS','Y');
Insert into SYSTEM.SNS_TAG (TAG_NO,TAG_NAME,TAG_TYPE,ALGO_YN) values (171,'도원','SYS','Y');
Insert into SYSTEM.SNS_TAG (TAG_NO,TAG_NAME,TAG_TYPE,ALGO_YN) values (172,'가리봉','SYS','Y');
Insert into SYSTEM.SNS_TAG (TAG_NO,TAG_NAME,TAG_TYPE,ALGO_YN) values (173,'운정','SYS','Y');
Insert into SYSTEM.SNS_TAG (TAG_NO,TAG_NAME,TAG_TYPE,ALGO_YN) values (174,'연무','SYS','Y');
Insert into SYSTEM.SNS_TAG (TAG_NO,TAG_NAME,TAG_TYPE,ALGO_YN) values (175,'해외여행','SYS','Y');
Insert into SYSTEM.SNS_TAG (TAG_NO,TAG_NAME,TAG_TYPE,ALGO_YN) values (176,'인사동','SYS','Y');
Insert into SYSTEM.SNS_TAG (TAG_NO,TAG_NAME,TAG_TYPE,ALGO_YN) values (177,'이촌','SYS','Y');
Insert into SYSTEM.SNS_TAG (TAG_NO,TAG_NAME,TAG_TYPE,ALGO_YN) values (178,'양평','SYS','Y');
Insert into SYSTEM.SNS_TAG (TAG_NO,TAG_NAME,TAG_TYPE,ALGO_YN) values (179,'야당','SYS','Y');
Insert into SYSTEM.SNS_TAG (TAG_NO,TAG_NAME,TAG_TYPE,ALGO_YN) values (180,'지동','SYS','Y');
Insert into SYSTEM.SNS_TAG (TAG_NO,TAG_NAME,TAG_TYPE,ALGO_YN) values (181,'당일치기','SYS','Y');
Insert into SYSTEM.SNS_TAG (TAG_NO,TAG_NAME,TAG_TYPE,ALGO_YN) values (182,'남산','SYS','Y');
Insert into SYSTEM.SNS_TAG (TAG_NO,TAG_NAME,TAG_TYPE,ALGO_YN) values (183,'서빙고','SYS','Y');
Insert into SYSTEM.SNS_TAG (TAG_NO,TAG_NAME,TAG_TYPE,ALGO_YN) values (184,'신길','SYS','Y');
Insert into SYSTEM.SNS_TAG (TAG_NO,TAG_NAME,TAG_TYPE,ALGO_YN) values (185,'금촌','SYS','Y');
Insert into SYSTEM.SNS_TAG (TAG_NO,TAG_NAME,TAG_TYPE,ALGO_YN) values (186,'우만','SYS','Y');
Insert into SYSTEM.SNS_TAG (TAG_NO,TAG_NAME,TAG_TYPE,ALGO_YN) values (187,'바다','SYS','Y');
Insert into SYSTEM.SNS_TAG (TAG_NO,TAG_NAME,TAG_TYPE,ALGO_YN) values (188,'한강','SYS','Y');
Insert into SYSTEM.SNS_TAG (TAG_NO,TAG_NAME,TAG_TYPE,ALGO_YN) values (189,'금호','SYS','Y');
Insert into SYSTEM.SNS_TAG (TAG_NO,TAG_NAME,TAG_TYPE,ALGO_YN) values (190,'대림','SYS','Y');
Insert into SYSTEM.SNS_TAG (TAG_NO,TAG_NAME,TAG_TYPE,ALGO_YN) values (191,'교하','SYS','Y');
Insert into SYSTEM.SNS_TAG (TAG_NO,TAG_NAME,TAG_TYPE,ALGO_YN) values (192,'곡반정','SYS','Y');
Insert into SYSTEM.SNS_TAG (TAG_NO,TAG_NAME,TAG_TYPE,ALGO_YN) values (193,'산','SYS','Y');
Insert into SYSTEM.SNS_TAG (TAG_NO,TAG_NAME,TAG_TYPE,ALGO_YN) values (194,'여수','SYS','Y');
Insert into SYSTEM.SNS_TAG (TAG_NO,TAG_NAME,TAG_TYPE,ALGO_YN) values (195,'행당','SYS','Y');
Insert into SYSTEM.SNS_TAG (TAG_NO,TAG_NAME,TAG_TYPE,ALGO_YN) values (196,'도림','SYS','Y');
Insert into SYSTEM.SNS_TAG (TAG_NO,TAG_NAME,TAG_TYPE,ALGO_YN) values (197,'탄현','SYS','Y');
Insert into SYSTEM.SNS_TAG (TAG_NO,TAG_NAME,TAG_TYPE,ALGO_YN) values (198,'탑동','SYS','Y');
Insert into SYSTEM.SNS_TAG (TAG_NO,TAG_NAME,TAG_TYPE,ALGO_YN) values (199,'야경','SYS','Y');
Insert into SYSTEM.SNS_TAG (TAG_NO,TAG_NAME,TAG_TYPE,ALGO_YN) values (200,'강릉','SYS','Y');
Insert into SYSTEM.SNS_TAG (TAG_NO,TAG_NAME,TAG_TYPE,ALGO_YN) values (201,'응봉','SYS','Y');
Insert into SYSTEM.SNS_TAG (TAG_NO,TAG_NAME,TAG_TYPE,ALGO_YN) values (202,'염창','SYS','Y');
Insert into SYSTEM.SNS_TAG (TAG_NO,TAG_NAME,TAG_TYPE,ALGO_YN) values (203,'덕이','SYS','Y');
Insert into SYSTEM.SNS_TAG (TAG_NO,TAG_NAME,TAG_TYPE,ALGO_YN) values (204,'부평','SYS','Y');
Insert into SYSTEM.SNS_TAG (TAG_NO,TAG_NAME,TAG_TYPE,ALGO_YN) values (205,'하루기록','SYS','Y');
Insert into SYSTEM.SNS_TAG (TAG_NO,TAG_NAME,TAG_TYPE,ALGO_YN) values (206,'속초','SYS','Y');
Insert into SYSTEM.SNS_TAG (TAG_NO,TAG_NAME,TAG_TYPE,ALGO_YN) values (207,'마장','SYS','Y');
Insert into SYSTEM.SNS_TAG (TAG_NO,TAG_NAME,TAG_TYPE,ALGO_YN) values (208,'등촌','SYS','Y');
Insert into SYSTEM.SNS_TAG (TAG_NO,TAG_NAME,TAG_TYPE,ALGO_YN) values (209,'대화','SYS','Y');
Insert into SYSTEM.SNS_TAG (TAG_NO,TAG_NAME,TAG_TYPE,ALGO_YN) values (210,'동탄','SYS','Y');
Insert into SYSTEM.SNS_TAG (TAG_NO,TAG_NAME,TAG_TYPE,ALGO_YN) values (211,'퇴근후','SYS','Y');
Insert into SYSTEM.SNS_TAG (TAG_NO,TAG_NAME,TAG_TYPE,ALGO_YN) values (212,'춘천','SYS','Y');
Insert into SYSTEM.SNS_TAG (TAG_NO,TAG_NAME,TAG_TYPE,ALGO_YN) values (213,'사근','SYS','Y');
Insert into SYSTEM.SNS_TAG (TAG_NO,TAG_NAME,TAG_TYPE,ALGO_YN) values (214,'화곡','SYS','Y');
Insert into SYSTEM.SNS_TAG (TAG_NO,TAG_NAME,TAG_TYPE,ALGO_YN) values (215,'장항','SYS','Y');
Insert into SYSTEM.SNS_TAG (TAG_NO,TAG_NAME,TAG_TYPE,ALGO_YN) values (216,'향남','SYS','Y');
Insert into SYSTEM.SNS_TAG (TAG_NO,TAG_NAME,TAG_TYPE,ALGO_YN) values (217,'새벽감성','SYS','Y');
Insert into SYSTEM.SNS_TAG (TAG_NO,TAG_NAME,TAG_TYPE,ALGO_YN) values (218,'부산','SYS','Y');
Insert into SYSTEM.SNS_TAG (TAG_NO,TAG_NAME,TAG_TYPE,ALGO_YN) values (219,'송정','SYS','Y');
Insert into SYSTEM.SNS_TAG (TAG_NO,TAG_NAME,TAG_TYPE,ALGO_YN) values (220,'가양','SYS','Y');
Insert into SYSTEM.SNS_TAG (TAG_NO,TAG_NAME,TAG_TYPE,ALGO_YN) values (221,'식사','SYS','Y');
Insert into SYSTEM.SNS_TAG (TAG_NO,TAG_NAME,TAG_TYPE,ALGO_YN) values (222,'병점','SYS','Y');
Insert into SYSTEM.SNS_TAG (TAG_NO,TAG_NAME,TAG_TYPE,ALGO_YN) values (223,'평일','SYS','Y');
Insert into SYSTEM.SNS_TAG (TAG_NO,TAG_NAME,TAG_TYPE,ALGO_YN) values (224,'해운대','SYS','Y');
Insert into SYSTEM.SNS_TAG (TAG_NO,TAG_NAME,TAG_TYPE,ALGO_YN) values (225,'용답','SYS','Y');
Insert into SYSTEM.SNS_TAG (TAG_NO,TAG_NAME,TAG_TYPE,ALGO_YN) values (226,'마곡','SYS','Y');
Insert into SYSTEM.SNS_TAG (TAG_NO,TAG_NAME,TAG_TYPE,ALGO_YN) values (227,'풍동','SYS','Y');
Insert into SYSTEM.SNS_TAG (TAG_NO,TAG_NAME,TAG_TYPE,ALGO_YN) values (228,'송탄','SYS','Y');
Insert into SYSTEM.SNS_TAG (TAG_NO,TAG_NAME,TAG_TYPE,ALGO_YN) values (229,'주말','SYS','Y');
Insert into SYSTEM.SNS_TAG (TAG_NO,TAG_NAME,TAG_TYPE,ALGO_YN) values (230,'광안리','SYS','Y');
Insert into SYSTEM.SNS_TAG (TAG_NO,TAG_NAME,TAG_TYPE,ALGO_YN) values (231,'답십리','SYS','Y');
Insert into SYSTEM.SNS_TAG (TAG_NO,TAG_NAME,TAG_TYPE,ALGO_YN) values (232,'방화','SYS','Y');
Insert into SYSTEM.SNS_TAG (TAG_NO,TAG_NAME,TAG_TYPE,ALGO_YN) values (233,'중산','SYS','Y');
Insert into SYSTEM.SNS_TAG (TAG_NO,TAG_NAME,TAG_TYPE,ALGO_YN) values (234,'서정리','SYS','Y');
Insert into SYSTEM.SNS_TAG (TAG_NO,TAG_NAME,TAG_TYPE,ALGO_YN) values (235,'오전','SYS','Y');
Insert into SYSTEM.SNS_TAG (TAG_NO,TAG_NAME,TAG_TYPE,ALGO_YN) values (236,'전주','SYS','Y');
Insert into SYSTEM.SNS_TAG (TAG_NO,TAG_NAME,TAG_TYPE,ALGO_YN) values (237,'장안','SYS','Y');
Insert into SYSTEM.SNS_TAG (TAG_NO,TAG_NAME,TAG_TYPE,ALGO_YN) values (238,'공항','SYS','Y');
Insert into SYSTEM.SNS_TAG (TAG_NO,TAG_NAME,TAG_TYPE,ALGO_YN) values (239,'덕양','SYS','Y');
Insert into SYSTEM.SNS_TAG (TAG_NO,TAG_NAME,TAG_TYPE,ALGO_YN) values (240,'안성','SYS','Y');
Insert into SYSTEM.SNS_TAG (TAG_NO,TAG_NAME,TAG_TYPE,ALGO_YN) values (241,'오후','SYS','Y');
Insert into SYSTEM.SNS_TAG (TAG_NO,TAG_NAME,TAG_TYPE,ALGO_YN) values (242,'제주','SYS','Y');
Insert into SYSTEM.SNS_TAG (TAG_NO,TAG_NAME,TAG_TYPE,ALGO_YN) values (243,'전농','SYS','Y');
Insert into SYSTEM.SNS_TAG (TAG_NO,TAG_NAME,TAG_TYPE,ALGO_YN) values (244,'과해','SYS','Y');
Insert into SYSTEM.SNS_TAG (TAG_NO,TAG_NAME,TAG_TYPE,ALGO_YN) values (245,'화정','SYS','Y');
Insert into SYSTEM.SNS_TAG (TAG_NO,TAG_NAME,TAG_TYPE,ALGO_YN) values (246,'오산','SYS','Y');
Insert into SYSTEM.SNS_TAG (TAG_NO,TAG_NAME,TAG_TYPE,ALGO_YN) values (247,'밤','SYS','Y');
Insert into SYSTEM.SNS_TAG (TAG_NO,TAG_NAME,TAG_TYPE,ALGO_YN) values (248,'서귀포','SYS','Y');
Insert into SYSTEM.SNS_TAG (TAG_NO,TAG_NAME,TAG_TYPE,ALGO_YN) values (249,'제기','SYS','Y');
Insert into SYSTEM.SNS_TAG (TAG_NO,TAG_NAME,TAG_TYPE,ALGO_YN) values (250,'오쇠','SYS','Y');
Insert into SYSTEM.SNS_TAG (TAG_NO,TAG_NAME,TAG_TYPE,ALGO_YN) values (251,'행신','SYS','Y');
Insert into SYSTEM.SNS_TAG (TAG_NO,TAG_NAME,TAG_TYPE,ALGO_YN) values (252,'여주','SYS','Y');
Insert into SYSTEM.SNS_TAG (TAG_NO,TAG_NAME,TAG_TYPE,ALGO_YN) values (253,'새벽','SYS','Y');
Insert into SYSTEM.SNS_TAG (TAG_NO,TAG_NAME,TAG_TYPE,ALGO_YN) values (254,'애월','SYS','Y');
Insert into SYSTEM.SNS_TAG (TAG_NO,TAG_NAME,TAG_TYPE,ALGO_YN) values (255,'용두','SYS','Y');
Insert into SYSTEM.SNS_TAG (TAG_NO,TAG_NAME,TAG_TYPE,ALGO_YN) values (256,'신정','SYS','Y');
Insert into SYSTEM.SNS_TAG (TAG_NO,TAG_NAME,TAG_TYPE,ALGO_YN) values (257,'원흥','SYS','Y');
Insert into SYSTEM.SNS_TAG (TAG_NO,TAG_NAME,TAG_TYPE,ALGO_YN) values (258,'이천','SYS','Y');
Insert into SYSTEM.SNS_TAG (TAG_NO,TAG_NAME,TAG_TYPE,ALGO_YN) values (259,'감성','SYS','Y');
Insert into SYSTEM.SNS_TAG (TAG_NO,TAG_NAME,TAG_TYPE,ALGO_YN) values (260,'함덕','SYS','Y');
Insert into SYSTEM.SNS_TAG (TAG_NO,TAG_NAME,TAG_TYPE,ALGO_YN) values (261,'휘경','SYS','Y');
Insert into SYSTEM.SNS_TAG (TAG_NO,TAG_NAME,TAG_TYPE,ALGO_YN) values (262,'목동','SYS','Y');
Insert into SYSTEM.SNS_TAG (TAG_NO,TAG_NAME,TAG_TYPE,ALGO_YN) values (263,'삼송','SYS','Y');
Insert into SYSTEM.SNS_TAG (TAG_NO,TAG_NAME,TAG_TYPE,ALGO_YN) values (264,'곤지암','SYS','Y');
Insert into SYSTEM.SNS_TAG (TAG_NO,TAG_NAME,TAG_TYPE,ALGO_YN) values (265,'도서관','SYS','Y');
Insert into SYSTEM.SNS_TAG (TAG_NO,TAG_NAME,TAG_TYPE,ALGO_YN) values (266,'울릉도','SYS','Y');
Insert into SYSTEM.SNS_TAG (TAG_NO,TAG_NAME,TAG_TYPE,ALGO_YN) values (267,'이문','SYS','Y');
Insert into SYSTEM.SNS_TAG (TAG_NO,TAG_NAME,TAG_TYPE,ALGO_YN) values (268,'신월','SYS','Y');
Insert into SYSTEM.SNS_TAG (TAG_NO,TAG_NAME,TAG_TYPE,ALGO_YN) values (269,'지축','SYS','Y');
Insert into SYSTEM.SNS_TAG (TAG_NO,TAG_NAME,TAG_TYPE,ALGO_YN) values (270,'양지','SYS','Y');
Insert into SYSTEM.SNS_TAG (TAG_NO,TAG_NAME,TAG_TYPE,ALGO_YN) values (271,'운동','SYS','Y');
Insert into SYSTEM.SNS_TAG (TAG_NO,TAG_NAME,TAG_TYPE,ALGO_YN) values (272,'경주','SYS','Y');
Insert into SYSTEM.SNS_TAG (TAG_NO,TAG_NAME,TAG_TYPE,ALGO_YN) values (273,'회기','SYS','Y');
Insert into SYSTEM.SNS_TAG (TAG_NO,TAG_NAME,TAG_TYPE,ALGO_YN) values (274,'봉천','SYS','Y');
Insert into SYSTEM.SNS_TAG (TAG_NO,TAG_NAME,TAG_TYPE,ALGO_YN) values (275,'향동','SYS','Y');
Insert into SYSTEM.SNS_TAG (TAG_NO,TAG_NAME,TAG_TYPE,ALGO_YN) values (276,'포천','SYS','Y');
Insert into SYSTEM.SNS_TAG (TAG_NO,TAG_NAME,TAG_TYPE,ALGO_YN) values (277,'공원','SYS','Y');
Insert into SYSTEM.SNS_TAG (TAG_NO,TAG_NAME,TAG_TYPE,ALGO_YN) values (278,'포항','SYS','Y');
Insert into SYSTEM.SNS_TAG (TAG_NO,TAG_NAME,TAG_TYPE,ALGO_YN) values (279,'청량리','SYS','Y');
Insert into SYSTEM.SNS_TAG (TAG_NO,TAG_NAME,TAG_TYPE,ALGO_YN) values (280,'신림','SYS','Y');
Insert into SYSTEM.SNS_TAG (TAG_NO,TAG_NAME,TAG_TYPE,ALGO_YN) values (281,'덕은','SYS','Y');
Insert into SYSTEM.SNS_TAG (TAG_NO,TAG_NAME,TAG_TYPE,ALGO_YN) values (282,'양주','SYS','Y');
Insert into SYSTEM.SNS_TAG (TAG_NO,TAG_NAME,TAG_TYPE,ALGO_YN) values (283,'반려동물','SYS','Y');
Insert into SYSTEM.SNS_TAG (TAG_NO,TAG_NAME,TAG_TYPE,ALGO_YN) values (284,'대구','SYS','Y');
Insert into SYSTEM.SNS_TAG (TAG_NO,TAG_NAME,TAG_TYPE,ALGO_YN) values (285,'면목','SYS','Y');
Insert into SYSTEM.SNS_TAG (TAG_NO,TAG_NAME,TAG_TYPE,ALGO_YN) values (286,'남현','SYS','Y');
Insert into SYSTEM.SNS_TAG (TAG_NO,TAG_NAME,TAG_TYPE,ALGO_YN) values (287,'별내','SYS','Y');
Insert into SYSTEM.SNS_TAG (TAG_NO,TAG_NAME,TAG_TYPE,ALGO_YN) values (288,'의정부','SYS','Y');
Insert into SYSTEM.SNS_TAG (TAG_NO,TAG_NAME,TAG_TYPE,ALGO_YN) values (289,'행복','SYS','Y');
Insert into SYSTEM.SNS_TAG (TAG_NO,TAG_NAME,TAG_TYPE,ALGO_YN) values (290,'대전','SYS','Y');
Insert into SYSTEM.SNS_TAG (TAG_NO,TAG_NAME,TAG_TYPE,ALGO_YN) values (291,'상봉','SYS','Y');
Insert into SYSTEM.SNS_TAG (TAG_NO,TAG_NAME,TAG_TYPE,ALGO_YN) values (292,'흑석','SYS','Y');
Insert into SYSTEM.SNS_TAG (TAG_NO,TAG_NAME,TAG_TYPE,ALGO_YN) values (293,'다산','SYS','Y');
Insert into SYSTEM.SNS_TAG (TAG_NO,TAG_NAME,TAG_TYPE,ALGO_YN) values (294,'동두천','SYS','Y');
Insert into SYSTEM.SNS_TAG (TAG_NO,TAG_NAME,TAG_TYPE,ALGO_YN) values (295,'여유','SYS','Y');
Insert into SYSTEM.SNS_TAG (TAG_NO,TAG_NAME,TAG_TYPE,ALGO_YN) values (296,'광주','SYS','Y');
Insert into SYSTEM.SNS_TAG (TAG_NO,TAG_NAME,TAG_TYPE,ALGO_YN) values (297,'중화','SYS','Y');
Insert into SYSTEM.SNS_TAG (TAG_NO,TAG_NAME,TAG_TYPE,ALGO_YN) values (298,'상도','SYS','Y');
Insert into SYSTEM.SNS_TAG (TAG_NO,TAG_NAME,TAG_TYPE,ALGO_YN) values (299,'와부','SYS','Y');
Insert into SYSTEM.SNS_TAG (TAG_NO,TAG_NAME,TAG_TYPE,ALGO_YN) values (300,'연천','SYS','Y');
Insert into SYSTEM.SNS_TAG (TAG_NO,TAG_NAME,TAG_TYPE,ALGO_YN) values (301,'비','SYS','Y');
Insert into SYSTEM.SNS_TAG (TAG_NO,TAG_NAME,TAG_TYPE,ALGO_YN) values (302,'인천','SYS','Y');
Insert into SYSTEM.SNS_TAG (TAG_NO,TAG_NAME,TAG_TYPE,ALGO_YN) values (303,'묵동','SYS','Y');
Insert into SYSTEM.SNS_TAG (TAG_NO,TAG_NAME,TAG_TYPE,ALGO_YN) values (304,'사당','SYS','Y');
Insert into SYSTEM.SNS_TAG (TAG_NO,TAG_NAME,TAG_TYPE,ALGO_YN) values (305,'진접','SYS','Y');
Insert into SYSTEM.SNS_TAG (TAG_NO,TAG_NAME,TAG_TYPE,ALGO_YN) values (306,'구리','SYS','Y');
Insert into SYSTEM.SNS_TAG (TAG_NO,TAG_NAME,TAG_TYPE,ALGO_YN) values (307,'조용한','SYS','Y');
Insert into SYSTEM.SNS_TAG (TAG_NO,TAG_NAME,TAG_TYPE,ALGO_YN) values (308,'송도','SYS','Y');
Insert into SYSTEM.SNS_TAG (TAG_NO,TAG_NAME,TAG_TYPE,ALGO_YN) values (309,'망우','SYS','Y');
Insert into SYSTEM.SNS_TAG (TAG_NO,TAG_NAME,TAG_TYPE,ALGO_YN) values (310,'대방','SYS','Y');
Insert into SYSTEM.SNS_TAG (TAG_NO,TAG_NAME,TAG_TYPE,ALGO_YN) values (311,'오남','SYS','Y');
Insert into SYSTEM.SNS_TAG (TAG_NO,TAG_NAME,TAG_TYPE,ALGO_YN) values (312,'하남','SYS','Y');
Insert into SYSTEM.SNS_TAG (TAG_NO,TAG_NAME,TAG_TYPE,ALGO_YN) values (313,'힐링','SYS','Y');
Insert into SYSTEM.SNS_TAG (TAG_NO,TAG_NAME,TAG_TYPE,ALGO_YN) values (314,'월미도','SYS','Y');
Insert into SYSTEM.SNS_TAG (TAG_NO,TAG_NAME,TAG_TYPE,ALGO_YN) values (315,'신내','SYS','Y');
Insert into SYSTEM.SNS_TAG (TAG_NO,TAG_NAME,TAG_TYPE,ALGO_YN) values (316,'본동','SYS','Y');
Insert into SYSTEM.SNS_TAG (TAG_NO,TAG_NAME,TAG_TYPE,ALGO_YN) values (317,'퇴계원','SYS','Y');
Insert into SYSTEM.SNS_TAG (TAG_NO,TAG_NAME,TAG_TYPE,ALGO_YN) values (318,'김포','SYS','Y');
Insert into SYSTEM.SNS_TAG (TAG_NO,TAG_NAME,TAG_TYPE,ALGO_YN) values (319,'스트레스해소','SYS','Y');
Insert into SYSTEM.SNS_TAG (TAG_NO,TAG_NAME,TAG_TYPE,ALGO_YN) values (320,'수원','SYS','Y');
Insert into SYSTEM.SNS_TAG (TAG_NO,TAG_NAME,TAG_TYPE,ALGO_YN) values (321,'중곡','SYS','Y');
Insert into SYSTEM.SNS_TAG (TAG_NO,TAG_NAME,TAG_TYPE,ALGO_YN) values (322,'신대방','SYS','Y');
Insert into SYSTEM.SNS_TAG (TAG_NO,TAG_NAME,TAG_TYPE,ALGO_YN) values (323,'호평','SYS','Y');
Insert into SYSTEM.SNS_TAG (TAG_NO,TAG_NAME,TAG_TYPE,ALGO_YN) values (324,'파주','SYS','Y');
Insert into SYSTEM.SNS_TAG (TAG_NO,TAG_NAME,TAG_TYPE,ALGO_YN) values (325,'영화관','SYS','Y');
Insert into SYSTEM.SNS_TAG (TAG_NO,TAG_NAME,TAG_TYPE,ALGO_YN) values (326,'성남','SYS','Y');
Insert into SYSTEM.SNS_TAG (TAG_NO,TAG_NAME,TAG_TYPE,ALGO_YN) values (327,'능동','SYS','Y');
Insert into SYSTEM.SNS_TAG (TAG_NO,TAG_NAME,TAG_TYPE,ALGO_YN) values (328,'구로','SYS','Y');
Insert into SYSTEM.SNS_TAG (TAG_NO,TAG_NAME,TAG_TYPE,ALGO_YN) values (329,'평내','SYS','Y');
Insert into SYSTEM.SNS_TAG (TAG_NO,TAG_NAME,TAG_TYPE,ALGO_YN) values (330,'전시회','SYS','Y');
Insert into SYSTEM.SNS_TAG (TAG_NO,TAG_NAME,TAG_TYPE,ALGO_YN) values (331,'판교','SYS','Y');
Insert into SYSTEM.SNS_TAG (TAG_NO,TAG_NAME,TAG_TYPE,ALGO_YN) values (332,'구의','SYS','Y');
Insert into SYSTEM.SNS_TAG (TAG_NO,TAG_NAME,TAG_TYPE,ALGO_YN) values (333,'천왕','SYS','Y');
Insert into SYSTEM.SNS_TAG (TAG_NO,TAG_NAME,TAG_TYPE,ALGO_YN) values (334,'금곡','SYS','Y');
Insert into SYSTEM.SNS_TAG (TAG_NO,TAG_NAME,TAG_TYPE,ALGO_YN) values (335,'맛집','SYS','Y');
Insert into SYSTEM.SNS_TAG (TAG_NO,TAG_NAME,TAG_TYPE,ALGO_YN) values (336,'분당','SYS','Y');
Insert into SYSTEM.SNS_TAG (TAG_NO,TAG_NAME,TAG_TYPE,ALGO_YN) values (337,'자양','SYS','Y');
Insert into SYSTEM.SNS_TAG (TAG_NO,TAG_NAME,TAG_TYPE,ALGO_YN) values (338,'철산','SYS','Y');
Insert into SYSTEM.SNS_TAG (TAG_NO,TAG_NAME,TAG_TYPE,ALGO_YN) values (339,'덕소','SYS','Y');
Insert into SYSTEM.SNS_TAG (TAG_NO,TAG_NAME,TAG_TYPE,ALGO_YN) values (340,'숙소','SYS','Y');
Insert into SYSTEM.SNS_TAG (TAG_NO,TAG_NAME,TAG_TYPE,ALGO_YN) values (341,'일산','SYS','Y');
Insert into SYSTEM.SNS_TAG (TAG_NO,TAG_NAME,TAG_TYPE,ALGO_YN) values (342,'화양','SYS','Y');
Insert into SYSTEM.SNS_TAG (TAG_NO,TAG_NAME,TAG_TYPE,ALGO_YN) values (343,'하안','SYS','Y');
Insert into SYSTEM.SNS_TAG (TAG_NO,TAG_NAME,TAG_TYPE,ALGO_YN) values (344,'미사','SYS','Y');
Insert into SYSTEM.SNS_TAG (TAG_NO,TAG_NAME,TAG_TYPE,ALGO_YN) values (345,'포차','SYS','Y');
Insert into SYSTEM.SNS_TAG (TAG_NO,TAG_NAME,TAG_TYPE,ALGO_YN) values (346,'천안','SYS','Y');
Insert into SYSTEM.SNS_TAG (TAG_NO,TAG_NAME,TAG_TYPE,ALGO_YN) values (347,'군자','SYS','Y');
Insert into SYSTEM.SNS_TAG (TAG_NO,TAG_NAME,TAG_TYPE,ALGO_YN) values (348,'소하','SYS','Y');
Insert into SYSTEM.SNS_TAG (TAG_NO,TAG_NAME,TAG_TYPE,ALGO_YN) values (349,'망월','SYS','Y');
Insert into SYSTEM.SNS_TAG (TAG_NO,TAG_NAME,TAG_TYPE,ALGO_YN) values (350,'추천','SYS','Y');
Insert into SYSTEM.SNS_TAG (TAG_NO,TAG_NAME,TAG_TYPE,ALGO_YN) values (351,'청주','SYS','Y');
Insert into SYSTEM.SNS_TAG (TAG_NO,TAG_NAME,TAG_TYPE,ALGO_YN) values (352,'광장','SYS','Y');
Insert into SYSTEM.SNS_TAG (TAG_NO,TAG_NAME,TAG_TYPE,ALGO_YN) values (353,'일직','SYS','Y');
Insert into SYSTEM.SNS_TAG (TAG_NO,TAG_NAME,TAG_TYPE,ALGO_YN) values (354,'풍산','SYS','Y');
Insert into SYSTEM.SNS_TAG (TAG_NO,TAG_NAME,TAG_TYPE,ALGO_YN) values (355,'뮤지컬','SYS','Y');
Insert into SYSTEM.SNS_TAG (TAG_NO,TAG_NAME,TAG_TYPE,ALGO_YN) values (356,'군산','SYS','Y');
Insert into SYSTEM.SNS_TAG (TAG_NO,TAG_NAME,TAG_TYPE,ALGO_YN) values (357,'천호','SYS','Y');
Insert into SYSTEM.SNS_TAG (TAG_NO,TAG_NAME,TAG_TYPE,ALGO_YN) values (358,'광명','SYS','Y');
Insert into SYSTEM.SNS_TAG (TAG_NO,TAG_NAME,TAG_TYPE,ALGO_YN) values (359,'감일','SYS','Y');
Insert into SYSTEM.SNS_TAG (TAG_NO,TAG_NAME,TAG_TYPE,ALGO_YN) values (360,'노래방','SYS','Y');
Insert into SYSTEM.SNS_TAG (TAG_NO,TAG_NAME,TAG_TYPE,ALGO_YN) values (361,'통영','SYS','Y');
Insert into SYSTEM.SNS_TAG (TAG_NO,TAG_NAME,TAG_TYPE,ALGO_YN) values (362,'성내','SYS','Y');
Insert into SYSTEM.SNS_TAG (TAG_NO,TAG_NAME,TAG_TYPE,ALGO_YN) values (363,'산본','SYS','Y');
Insert into SYSTEM.SNS_TAG (TAG_NO,TAG_NAME,TAG_TYPE,ALGO_YN) values (364,'위례','SYS','Y');
Insert into SYSTEM.SNS_TAG (TAG_NO,TAG_NAME,TAG_TYPE,ALGO_YN) values (365,'코인노래방','SYS','Y');
Insert into SYSTEM.SNS_TAG (TAG_NO,TAG_NAME,TAG_TYPE,ALGO_YN) values (366,'거제','SYS','Y');
Insert into SYSTEM.SNS_TAG (TAG_NO,TAG_NAME,TAG_TYPE,ALGO_YN) values (367,'길동','SYS','Y');
Insert into SYSTEM.SNS_TAG (TAG_NO,TAG_NAME,TAG_TYPE,ALGO_YN) values (368,'금정','SYS','Y');
Insert into SYSTEM.SNS_TAG (TAG_NO,TAG_NAME,TAG_TYPE,ALGO_YN) values (369,'복정','SYS','Y');
Insert into SYSTEM.SNS_TAG (TAG_NO,TAG_NAME,TAG_TYPE,ALGO_YN) values (370,'기타','SYS','Y');
Insert into SYSTEM.SNS_TAG (TAG_NO,TAG_NAME,TAG_TYPE,ALGO_YN) values (371,'남해','SYS','Y');
Insert into SYSTEM.SNS_TAG (TAG_NO,TAG_NAME,TAG_TYPE,ALGO_YN) values (372,'둔촌','SYS','Y');
Insert into SYSTEM.SNS_TAG (TAG_NO,TAG_NAME,TAG_TYPE,ALGO_YN) values (373,'범계','SYS','Y');
Insert into SYSTEM.SNS_TAG (TAG_NO,TAG_NAME,TAG_TYPE,ALGO_YN) values (374,'태평','SYS','Y');
Insert into SYSTEM.SNS_TAG (TAG_NO,TAG_NAME,TAG_TYPE,ALGO_YN) values (382,'공부','USR','N');
Insert into SYSTEM.SNS_TAG (TAG_NO,TAG_NAME,TAG_TYPE,ALGO_YN) values (376,'마라탕','USR','N');
Insert into SYSTEM.SNS_TAG (TAG_NO,TAG_NAME,TAG_TYPE,ALGO_YN) values (377,'버거킹','USR','N');
Insert into SYSTEM.SNS_TAG (TAG_NO,TAG_NAME,TAG_TYPE,ALGO_YN) values (378,'햄버거','USR','N');
Insert into SYSTEM.SNS_TAG (TAG_NO,TAG_NAME,TAG_TYPE,ALGO_YN) values (379,'점심','USR','N');
Insert into SYSTEM.SNS_TAG (TAG_NO,TAG_NAME,TAG_TYPE,ALGO_YN) values (380,'서울','USR','N');
Insert into SYSTEM.SNS_TAG (TAG_NO,TAG_NAME,TAG_TYPE,ALGO_YN) values (381,'학원','USR','N');
Insert into SYSTEM.SNS_TAG (TAG_NO,TAG_NAME,TAG_TYPE,ALGO_YN) values (383,'감자탕','USR','N');
Insert into SYSTEM.SNS_TAG (TAG_NO,TAG_NAME,TAG_TYPE,ALGO_YN) values (384,'국밥','USR','N');
Insert into SYSTEM.SNS_TAG (TAG_NO,TAG_NAME,TAG_TYPE,ALGO_YN) values (385,'덮밥','USR','N');
Insert into SYSTEM.SNS_TAG (TAG_NO,TAG_NAME,TAG_TYPE,ALGO_YN) values (386,'박물관','USR','N');
Insert into SYSTEM.SNS_TAG (TAG_NO,TAG_NAME,TAG_TYPE,ALGO_YN) values (387,'코엑스','USR','N');
Insert into SYSTEM.SNS_TAG (TAG_NO,TAG_NAME,TAG_TYPE,ALGO_YN) values (388,'선정릉','USR','N');
Insert into SYSTEM.SNS_TAG (TAG_NO,TAG_NAME,TAG_TYPE,ALGO_YN) values (389,'등산','USR','N');
Insert into SYSTEM.SNS_TAG (TAG_NO,TAG_NAME,TAG_TYPE,ALGO_YN) values (390,'역삼역','USR','N');
Insert into SYSTEM.SNS_TAG (TAG_NO,TAG_NAME,TAG_TYPE,ALGO_YN) values (391,'lp','USR','N');
REM INSERTING into SYSTEM.SNS_USER_ACT_LOG
SET DEFINE OFF;
REM INSERTING into SYSTEM.SNS_USER_BLOCK
SET DEFINE OFF;
REM INSERTING into SYSTEM.SNS_USER_INTR_SCORE
SET DEFINE OFF;
REM INSERTING into SYSTEM.SNS_USER_NOTI
SET DEFINE OFF;
Insert into SYSTEM.SNS_USER_NOTI (USER_ID,DM_NOTI,COMMENT_NOTI,FOLLOW_NOTI,LIKE_NOTI,UDATE) values ('test','Y','Y','Y','Y',to_date('26/06/02','RR/MM/DD'));
Insert into SYSTEM.SNS_USER_NOTI (USER_ID,DM_NOTI,COMMENT_NOTI,FOLLOW_NOTI,LIKE_NOTI,UDATE) values ('test01','Y','Y','Y','Y',to_date('26/06/01','RR/MM/DD'));
Insert into SYSTEM.SNS_USER_NOTI (USER_ID,DM_NOTI,COMMENT_NOTI,FOLLOW_NOTI,LIKE_NOTI,UDATE) values ('test02','Y','Y','Y','Y',to_date('26/06/01','RR/MM/DD'));
Insert into SYSTEM.SNS_USER_NOTI (USER_ID,DM_NOTI,COMMENT_NOTI,FOLLOW_NOTI,LIKE_NOTI,UDATE) values ('test03','Y','Y','Y','Y',to_date('26/06/02','RR/MM/DD'));
Insert into SYSTEM.SNS_USER_NOTI (USER_ID,DM_NOTI,COMMENT_NOTI,FOLLOW_NOTI,LIKE_NOTI,UDATE) values ('test04','Y','Y','Y','Y',to_date('26/06/02','RR/MM/DD'));
Insert into SYSTEM.SNS_USER_NOTI (USER_ID,DM_NOTI,COMMENT_NOTI,FOLLOW_NOTI,LIKE_NOTI,UDATE) values ('admin','Y','Y','Y','Y',to_date('26/06/05','RR/MM/DD'));
Insert into SYSTEM.SNS_USER_NOTI (USER_ID,DM_NOTI,COMMENT_NOTI,FOLLOW_NOTI,LIKE_NOTI,UDATE) values ('test05','Y','Y','Y','Y',to_date('26/06/05','RR/MM/DD'));
Insert into SYSTEM.SNS_USER_NOTI (USER_ID,DM_NOTI,COMMENT_NOTI,FOLLOW_NOTI,LIKE_NOTI,UDATE) values ('user01','Y','Y','Y','Y',to_date('26/06/05','RR/MM/DD'));
Insert into SYSTEM.SNS_USER_NOTI (USER_ID,DM_NOTI,COMMENT_NOTI,FOLLOW_NOTI,LIKE_NOTI,UDATE) values ('user02','Y','Y','Y','Y',to_date('26/06/05','RR/MM/DD'));
Insert into SYSTEM.SNS_USER_NOTI (USER_ID,DM_NOTI,COMMENT_NOTI,FOLLOW_NOTI,LIKE_NOTI,UDATE) values ('user03','Y','Y','Y','Y',to_date('26/06/05','RR/MM/DD'));
Insert into SYSTEM.SNS_USER_NOTI (USER_ID,DM_NOTI,COMMENT_NOTI,FOLLOW_NOTI,LIKE_NOTI,UDATE) values ('user04','Y','Y','Y','Y',to_date('26/06/05','RR/MM/DD'));
Insert into SYSTEM.SNS_USER_NOTI (USER_ID,DM_NOTI,COMMENT_NOTI,FOLLOW_NOTI,LIKE_NOTI,UDATE) values ('user05','Y','Y','Y','Y',to_date('26/06/05','RR/MM/DD'));
Insert into SYSTEM.SNS_USER_NOTI (USER_ID,DM_NOTI,COMMENT_NOTI,FOLLOW_NOTI,LIKE_NOTI,UDATE) values ('user06','Y','Y','Y','Y',to_date('26/06/05','RR/MM/DD'));
Insert into SYSTEM.SNS_USER_NOTI (USER_ID,DM_NOTI,COMMENT_NOTI,FOLLOW_NOTI,LIKE_NOTI,UDATE) values ('user07','Y','Y','Y','Y',to_date('26/06/05','RR/MM/DD'));
Insert into SYSTEM.SNS_USER_NOTI (USER_ID,DM_NOTI,COMMENT_NOTI,FOLLOW_NOTI,LIKE_NOTI,UDATE) values ('user08','Y','Y','Y','Y',to_date('26/06/05','RR/MM/DD'));
Insert into SYSTEM.SNS_USER_NOTI (USER_ID,DM_NOTI,COMMENT_NOTI,FOLLOW_NOTI,LIKE_NOTI,UDATE) values ('user09','Y','Y','Y','Y',to_date('26/06/05','RR/MM/DD'));
Insert into SYSTEM.SNS_USER_NOTI (USER_ID,DM_NOTI,COMMENT_NOTI,FOLLOW_NOTI,LIKE_NOTI,UDATE) values ('user10','Y','Y','Y','Y',to_date('26/06/05','RR/MM/DD'));
Insert into SYSTEM.SNS_USER_NOTI (USER_ID,DM_NOTI,COMMENT_NOTI,FOLLOW_NOTI,LIKE_NOTI,UDATE) values ('user11','Y','Y','Y','Y',to_date('26/06/05','RR/MM/DD'));
Insert into SYSTEM.SNS_USER_NOTI (USER_ID,DM_NOTI,COMMENT_NOTI,FOLLOW_NOTI,LIKE_NOTI,UDATE) values ('user12','Y','Y','Y','Y',to_date('26/06/05','RR/MM/DD'));
Insert into SYSTEM.SNS_USER_NOTI (USER_ID,DM_NOTI,COMMENT_NOTI,FOLLOW_NOTI,LIKE_NOTI,UDATE) values ('user13','Y','Y','Y','Y',to_date('26/06/05','RR/MM/DD'));
Insert into SYSTEM.SNS_USER_NOTI (USER_ID,DM_NOTI,COMMENT_NOTI,FOLLOW_NOTI,LIKE_NOTI,UDATE) values ('user14','Y','Y','Y','Y',to_date('26/06/05','RR/MM/DD'));
Insert into SYSTEM.SNS_USER_NOTI (USER_ID,DM_NOTI,COMMENT_NOTI,FOLLOW_NOTI,LIKE_NOTI,UDATE) values ('user15','Y','Y','Y','Y',to_date('26/06/05','RR/MM/DD'));
Insert into SYSTEM.SNS_USER_NOTI (USER_ID,DM_NOTI,COMMENT_NOTI,FOLLOW_NOTI,LIKE_NOTI,UDATE) values ('user16','Y','Y','Y','Y',to_date('26/06/05','RR/MM/DD'));
Insert into SYSTEM.SNS_USER_NOTI (USER_ID,DM_NOTI,COMMENT_NOTI,FOLLOW_NOTI,LIKE_NOTI,UDATE) values ('user17','Y','Y','Y','Y',to_date('26/06/05','RR/MM/DD'));
Insert into SYSTEM.SNS_USER_NOTI (USER_ID,DM_NOTI,COMMENT_NOTI,FOLLOW_NOTI,LIKE_NOTI,UDATE) values ('user18','Y','Y','Y','Y',to_date('26/06/05','RR/MM/DD'));
Insert into SYSTEM.SNS_USER_NOTI (USER_ID,DM_NOTI,COMMENT_NOTI,FOLLOW_NOTI,LIKE_NOTI,UDATE) values ('user19','Y','Y','Y','Y',to_date('26/06/05','RR/MM/DD'));
Insert into SYSTEM.SNS_USER_NOTI (USER_ID,DM_NOTI,COMMENT_NOTI,FOLLOW_NOTI,LIKE_NOTI,UDATE) values ('user20','Y','Y','Y','Y',to_date('26/06/05','RR/MM/DD'));
Insert into SYSTEM.SNS_USER_NOTI (USER_ID,DM_NOTI,COMMENT_NOTI,FOLLOW_NOTI,LIKE_NOTI,UDATE) values ('testuser','Y','Y','Y','Y',to_date('26/06/05','RR/MM/DD'));
REM INSERTING into SYSTEM.SNS_USERS
SET DEFINE OFF;
Insert into SYSTEM.SNS_USERS (USER_ID,USER_PWD,USER_NAME,USER_NICKNAME,USER_PHONE,USER_INTRO,PROFILE_IMG,USER_BIZ,USER_STATUS,CDATE,UDATE,RELATION_BADGE,ACCOUNT_VISIBLE) values ('test','$2b$10$EH84UNN3VDLF4xWFntF3T.Ukjwoz6dqTrWSv8MSjIMUfdxemXrg1i','김예림','yerim_kim','01024140196','안뇽하세용','/uploads/profile/1780311855303-893972589.png','N','DEL',to_date('26/05/29','RR/MM/DD'),to_date('26/06/05','RR/MM/DD'),'ALL','PUB');
Insert into SYSTEM.SNS_USERS (USER_ID,USER_PWD,USER_NAME,USER_NICKNAME,USER_PHONE,USER_INTRO,PROFILE_IMG,USER_BIZ,USER_STATUS,CDATE,UDATE,RELATION_BADGE,ACCOUNT_VISIBLE) values ('test01','$2b$10$UA2GXmdX6Mjphpaa.5QEo.HjMcWOpk5ae4FEaQxNFERCpk1xRIw/K','박철수','test_01','01024140196','혼자가 좋아',null,'N','DEL',to_date('26/06/01','RR/MM/DD'),to_date('26/06/05','RR/MM/DD'),'OFF','PRV');
Insert into SYSTEM.SNS_USERS (USER_ID,USER_PWD,USER_NAME,USER_NICKNAME,USER_PHONE,USER_INTRO,PROFILE_IMG,USER_BIZ,USER_STATUS,CDATE,UDATE,RELATION_BADGE,ACCOUNT_VISIBLE) values ('test02','$2b$10$duPJlZkgIEAwAj7Ukvro0uNfGdt1o9PZF5H6/jHW9w.tyqpMcwqKq','홍길동','test_02','01024140196',null,null,'Y','DEL',to_date('26/06/01','RR/MM/DD'),to_date('26/06/05','RR/MM/DD'),'ALL','PUB');
Insert into SYSTEM.SNS_USERS (USER_ID,USER_PWD,USER_NAME,USER_NICKNAME,USER_PHONE,USER_INTRO,PROFILE_IMG,USER_BIZ,USER_STATUS,CDATE,UDATE,RELATION_BADGE,ACCOUNT_VISIBLE) values ('test03','$2b$10$L/bSDSBTj3hGInXi/BLf8.SrfT9Ymt4YjXEDcScZexWrDqoTm4IXS','박영희','test_03','01024140196',null,null,'N','DEL',to_date('26/06/02','RR/MM/DD'),to_date('26/06/05','RR/MM/DD'),'OFF','PRV');
Insert into SYSTEM.SNS_USERS (USER_ID,USER_PWD,USER_NAME,USER_NICKNAME,USER_PHONE,USER_INTRO,PROFILE_IMG,USER_BIZ,USER_STATUS,CDATE,UDATE,RELATION_BADGE,ACCOUNT_VISIBLE) values ('test04','$2b$10$xozgU/WdAaMDN5NFHuYyGO1YC86OOqxWnXKNgP0WAgENBF7DHQF1q','김민수','test_04','01024140196',null,null,'N','DEL',to_date('26/06/02','RR/MM/DD'),to_date('26/06/05','RR/MM/DD'),'ALL','PUB');
Insert into SYSTEM.SNS_USERS (USER_ID,USER_PWD,USER_NAME,USER_NICKNAME,USER_PHONE,USER_INTRO,PROFILE_IMG,USER_BIZ,USER_STATUS,CDATE,UDATE,RELATION_BADGE,ACCOUNT_VISIBLE) values ('admin','$2b$10$HdPfo7n2.LbdtbWvD7.1xOlNK48eUeKb59LOkJsS6vcUbd5AQx4Fm','관리자1','admin_1','01024140196',null,null,'N','ADM',to_date('26/06/05','RR/MM/DD'),null,'ALL','PUB');
Insert into SYSTEM.SNS_USERS (USER_ID,USER_PWD,USER_NAME,USER_NICKNAME,USER_PHONE,USER_INTRO,PROFILE_IMG,USER_BIZ,USER_STATUS,CDATE,UDATE,RELATION_BADGE,ACCOUNT_VISIBLE) values ('test05','$2b$10$nogOwRFAEDflulsU/BvA..buMS.bbdIuL3j2rMHTUqMvMCnimwwim','김철수','test_05','01024140196',null,null,'N','DEL',to_date('26/06/05','RR/MM/DD'),to_date('26/06/05','RR/MM/DD'),'ALL','PUB');
Insert into SYSTEM.SNS_USERS (USER_ID,USER_PWD,USER_NAME,USER_NICKNAME,USER_PHONE,USER_INTRO,PROFILE_IMG,USER_BIZ,USER_STATUS,CDATE,UDATE,RELATION_BADGE,ACCOUNT_VISIBLE) values ('user01','$2b$10$mAKpw12g37B68PKDdPlCfuKSOujsj7Kz5bzyNUxb5UTSo6aHjPi5G','김민서','m_nss0','01024140196','혼밥러','/uploads/profile/1780643406374-791543898.jpg','N','ACT',to_date('26/06/05','RR/MM/DD'),to_date('26/06/05','RR/MM/DD'),'ALL','PUB');
Insert into SYSTEM.SNS_USERS (USER_ID,USER_PWD,USER_NAME,USER_NICKNAME,USER_PHONE,USER_INTRO,PROFILE_IMG,USER_BIZ,USER_STATUS,CDATE,UDATE,RELATION_BADGE,ACCOUNT_VISIBLE) values ('user02','$2b$10$hahWZv0mxcaOdpfDmMz1H.dAG6f2wCJukee1XM/nJ6T8Dhga2p2/a','이서준','seojun_daily','01024140196','혼자가 좋아','/uploads/profile/1780643458436-256840721.jpg','N','ACT',to_date('26/06/05','RR/MM/DD'),to_date('26/06/05','RR/MM/DD'),'OFF','PRV');
Insert into SYSTEM.SNS_USERS (USER_ID,USER_PWD,USER_NAME,USER_NICKNAME,USER_PHONE,USER_INTRO,PROFILE_IMG,USER_BIZ,USER_STATUS,CDATE,UDATE,RELATION_BADGE,ACCOUNT_VISIBLE) values ('user03','$2b$10$hahWZv0mxcaOdpfDmMz1H.dAG6f2wCJukee1XM/nJ6T8Dhga2p2/a','박지후','jihoo.log','01024140196','고양이
','/uploads/profile/1780643710574-896658183.jpg','N','ACT',to_date('26/06/05','RR/MM/DD'),null,'ALL','PUB');
Insert into SYSTEM.SNS_USERS (USER_ID,USER_PWD,USER_NAME,USER_NICKNAME,USER_PHONE,USER_INTRO,PROFILE_IMG,USER_BIZ,USER_STATUS,CDATE,UDATE,RELATION_BADGE,ACCOUNT_VISIBLE) values ('user04','$2b$10$hahWZv0mxcaOdpfDmMz1H.dAG6f2wCJukee1XM/nJ6T8Dhga2p2/a','최도윤','doyoon_','01024140196','여행','/uploads/profile/1780643728484-491865428.jpg','N','ACT',to_date('26/06/05','RR/MM/DD'),null,'ALL','PUB');
Insert into SYSTEM.SNS_USERS (USER_ID,USER_PWD,USER_NAME,USER_NICKNAME,USER_PHONE,USER_INTRO,PROFILE_IMG,USER_BIZ,USER_STATUS,CDATE,UDATE,RELATION_BADGE,ACCOUNT_VISIBLE) values ('user05','$2b$10$hahWZv0mxcaOdpfDmMz1H.dAG6f2wCJukee1XM/nJ6T8Dhga2p2/a','정하린','harin.zip','01024140196',null,null,'N','ACT',to_date('26/06/05','RR/MM/DD'),null,'ALL','PUB');
Insert into SYSTEM.SNS_USERS (USER_ID,USER_PWD,USER_NAME,USER_NICKNAME,USER_PHONE,USER_INTRO,PROFILE_IMG,USER_BIZ,USER_STATUS,CDATE,UDATE,RELATION_BADGE,ACCOUNT_VISIBLE) values ('user06','$2b$10$hahWZv0mxcaOdpfDmMz1H.dAG6f2wCJukee1XM/nJ6T8Dhga2p2/a','강유진','mood.of.yujin','01024140196',null,null,'N','ACT',to_date('26/06/05','RR/MM/DD'),null,'ALL','PUB');
Insert into SYSTEM.SNS_USERS (USER_ID,USER_PWD,USER_NAME,USER_NICKNAME,USER_PHONE,USER_INTRO,PROFILE_IMG,USER_BIZ,USER_STATUS,CDATE,UDATE,RELATION_BADGE,ACCOUNT_VISIBLE) values ('user07','$2b$10$hahWZv0mxcaOdpfDmMz1H.dAG6f2wCJukee1XM/nJ6T8Dhga2p2/a','윤채원','chaewon_day','01024140196',null,null,'N','ACT',to_date('26/06/05','RR/MM/DD'),null,'ALL','PUB');
Insert into SYSTEM.SNS_USERS (USER_ID,USER_PWD,USER_NAME,USER_NICKNAME,USER_PHONE,USER_INTRO,PROFILE_IMG,USER_BIZ,USER_STATUS,CDATE,UDATE,RELATION_BADGE,ACCOUNT_VISIBLE) values ('user08','$2b$10$hahWZv0mxcaOdpfDmMz1H.dAG6f2wCJukee1XM/nJ6T8Dhga2p2/a','오지안','zian.archive','01024140196',null,null,'N','ACT',to_date('26/06/05','RR/MM/DD'),null,'ALL','PUB');
Insert into SYSTEM.SNS_USERS (USER_ID,USER_PWD,USER_NAME,USER_NICKNAME,USER_PHONE,USER_INTRO,PROFILE_IMG,USER_BIZ,USER_STATUS,CDATE,UDATE,RELATION_BADGE,ACCOUNT_VISIBLE) values ('user09','$2b$10$hahWZv0mxcaOdpfDmMz1H.dAG6f2wCJukee1XM/nJ6T8Dhga2p2/a','한서우','slow.coffee','01024140196',null,null,'N','ACT',to_date('26/06/05','RR/MM/DD'),null,'ALL','PUB');
Insert into SYSTEM.SNS_USERS (USER_ID,USER_PWD,USER_NAME,USER_NICKNAME,USER_PHONE,USER_INTRO,PROFILE_IMG,USER_BIZ,USER_STATUS,CDATE,UDATE,RELATION_BADGE,ACCOUNT_VISIBLE) values ('user10','$2b$10$hahWZv0mxcaOdpfDmMz1H.dAG6f2wCJukee1XM/nJ6T8Dhga2p2/a','임도현','wander.note','01024140196',null,null,'N','ACT',to_date('26/06/05','RR/MM/DD'),null,'ALL','PUB');
Insert into SYSTEM.SNS_USERS (USER_ID,USER_PWD,USER_NAME,USER_NICKNAME,USER_PHONE,USER_INTRO,PROFILE_IMG,USER_BIZ,USER_STATUS,CDATE,UDATE,RELATION_BADGE,ACCOUNT_VISIBLE) values ('user11','$2b$10$hahWZv0mxcaOdpfDmMz1H.dAG6f2wCJukee1XM/nJ6T8Dhga2p2/a','송하준','nightwalk_','01024140196',null,null,'N','ACT',to_date('26/06/05','RR/MM/DD'),null,'ALL','PUB');
Insert into SYSTEM.SNS_USERS (USER_ID,USER_PWD,USER_NAME,USER_NICKNAME,USER_PHONE,USER_INTRO,PROFILE_IMG,USER_BIZ,USER_STATUS,CDATE,UDATE,RELATION_BADGE,ACCOUNT_VISIBLE) values ('user12','$2b$10$hahWZv0mxcaOdpfDmMz1H.dAG6f2wCJukee1XM/nJ6T8Dhga2p2/a','조은우','film.memory','01024140196',null,null,'N','ACT',to_date('26/06/05','RR/MM/DD'),null,'ALL','PUB');
Insert into SYSTEM.SNS_USERS (USER_ID,USER_PWD,USER_NAME,USER_NICKNAME,USER_PHONE,USER_INTRO,PROFILE_IMG,USER_BIZ,USER_STATUS,CDATE,UDATE,RELATION_BADGE,ACCOUNT_VISIBLE) values ('user13','$2b$10$hahWZv0mxcaOdpfDmMz1H.dAG6f2wCJukee1XM/nJ6T8Dhga2p2/a','장민서','mins_archive','01024140196',null,null,'N','ACT',to_date('26/06/05','RR/MM/DD'),null,'ALL','PUB');
Insert into SYSTEM.SNS_USERS (USER_ID,USER_PWD,USER_NAME,USER_NICKNAME,USER_PHONE,USER_INTRO,PROFILE_IMG,USER_BIZ,USER_STATUS,CDATE,UDATE,RELATION_BADGE,ACCOUNT_VISIBLE) values ('user14','$2b$10$hahWZv0mxcaOdpfDmMz1H.dAG6f2wCJukee1XM/nJ6T8Dhga2p2/a','백지율','dailymoment','01024140196',null,null,'N','ACT',to_date('26/06/05','RR/MM/DD'),null,'ALL','PUB');
Insert into SYSTEM.SNS_USERS (USER_ID,USER_PWD,USER_NAME,USER_NICKNAME,USER_PHONE,USER_INTRO,PROFILE_IMG,USER_BIZ,USER_STATUS,CDATE,UDATE,RELATION_BADGE,ACCOUNT_VISIBLE) values ('user15','$2b$10$hahWZv0mxcaOdpfDmMz1H.dAG6f2wCJukee1XM/nJ6T8Dhga2p2/a','신예나','yena.record','01024140196',null,null,'N','ACT',to_date('26/06/05','RR/MM/DD'),null,'ALL','PUB');
Insert into SYSTEM.SNS_USERS (USER_ID,USER_PWD,USER_NAME,USER_NICKNAME,USER_PHONE,USER_INTRO,PROFILE_IMG,USER_BIZ,USER_STATUS,CDATE,UDATE,RELATION_BADGE,ACCOUNT_VISIBLE) values ('user16','$2b$10$hahWZv0mxcaOdpfDmMz1H.dAG6f2wCJukee1XM/nJ6T8Dhga2p2/a','김하윤','cloud.and.me','01024140196',null,null,'N','ACT',to_date('26/06/05','RR/MM/DD'),null,'ALL','PUB');
Insert into SYSTEM.SNS_USERS (USER_ID,USER_PWD,USER_NAME,USER_NICKNAME,USER_PHONE,USER_INTRO,PROFILE_IMG,USER_BIZ,USER_STATUS,CDATE,UDATE,RELATION_BADGE,ACCOUNT_VISIBLE) values ('user17','$2b$10$hahWZv0mxcaOdpfDmMz1H.dAG6f2wCJukee1XM/nJ6T8Dhga2p2/a','이아린','alone.trip','01024140196',null,null,'N','ACT',to_date('26/06/05','RR/MM/DD'),null,'ALL','PUB');
Insert into SYSTEM.SNS_USERS (USER_ID,USER_PWD,USER_NAME,USER_NICKNAME,USER_PHONE,USER_INTRO,PROFILE_IMG,USER_BIZ,USER_STATUS,CDATE,UDATE,RELATION_BADGE,ACCOUNT_VISIBLE) values ('user18','$2b$10$hahWZv0mxcaOdpfDmMz1H.dAG6f2wCJukee1XM/nJ6T8Dhga2p2/a','박하늘','bluewindow','01024140196',null,null,'N','ACT',to_date('26/06/05','RR/MM/DD'),null,'ALL','PUB');
Insert into SYSTEM.SNS_USERS (USER_ID,USER_PWD,USER_NAME,USER_NICKNAME,USER_PHONE,USER_INTRO,PROFILE_IMG,USER_BIZ,USER_STATUS,CDATE,UDATE,RELATION_BADGE,ACCOUNT_VISIBLE) values ('user19','$2b$10$hahWZv0mxcaOdpfDmMz1H.dAG6f2wCJukee1XM/nJ6T8Dhga2p2/a','최라온','cafe.memo','01024140196',null,null,'N','ACT',to_date('26/06/05','RR/MM/DD'),null,'ALL','PUB');
Insert into SYSTEM.SNS_USERS (USER_ID,USER_PWD,USER_NAME,USER_NICKNAME,USER_PHONE,USER_INTRO,PROFILE_IMG,USER_BIZ,USER_STATUS,CDATE,UDATE,RELATION_BADGE,ACCOUNT_VISIBLE) values ('user20','$2b$10$hahWZv0mxcaOdpfDmMz1H.dAG6f2wCJukee1XM/nJ6T8Dhga2p2/a','정민우','mylittlecave_bar','01024140196','강남 빌딩 숲 속, 가장 낭만적인 리스닝 바','/uploads/profile/1780649312484-431559477.jpg','Y','ACT',to_date('26/06/05','RR/MM/DD'),to_date('26/06/05','RR/MM/DD'),'ALL','PUB');
Insert into SYSTEM.SNS_USERS (USER_ID,USER_PWD,USER_NAME,USER_NICKNAME,USER_PHONE,USER_INTRO,PROFILE_IMG,USER_BIZ,USER_STATUS,CDATE,UDATE,RELATION_BADGE,ACCOUNT_VISIBLE) values ('testuser','$2b$10$hbNZAqisTMQz2gkGMO3YgO7T9pJWXhj2JU72eb5dKStDC90Zx5KLK','테스터','test_user','01024140196',null,null,'N','ACT',to_date('26/06/05','RR/MM/DD'),null,'ALL','PUB');
--------------------------------------------------------
--  DDL for Index SYS_C008406
--------------------------------------------------------

  CREATE UNIQUE INDEX "SYSTEM"."SYS_C008406" ON "SYSTEM"."SNS_ACT_SCORE" ("SCORE_NO") 
  PCTFREE 10 INITRANS 2 MAXTRANS 255 COMPUTE STATISTICS 
  STORAGE(INITIAL 65536 NEXT 1048576 MINEXTENTS 1 MAXEXTENTS 2147483645
  PCTINCREASE 0 FREELISTS 1 FREELIST GROUPS 1
  BUFFER_POOL DEFAULT FLASH_CACHE DEFAULT CELL_FLASH_CACHE DEFAULT)
  TABLESPACE "SYSTEM" ;
--------------------------------------------------------
--  DDL for Index UK_SNS_ACT_SCORE
--------------------------------------------------------

  CREATE UNIQUE INDEX "SYSTEM"."UK_SNS_ACT_SCORE" ON "SYSTEM"."SNS_ACT_SCORE" ("ACT_TYPE") 
  PCTFREE 10 INITRANS 2 MAXTRANS 255 COMPUTE STATISTICS 
  STORAGE(INITIAL 65536 NEXT 1048576 MINEXTENTS 1 MAXEXTENTS 2147483645
  PCTINCREASE 0 FREELISTS 1 FREELIST GROUPS 1
  BUFFER_POOL DEFAULT FLASH_CACHE DEFAULT CELL_FLASH_CACHE DEFAULT)
  TABLESPACE "SYSTEM" ;
--------------------------------------------------------
--  DDL for Index SYS_C008464
--------------------------------------------------------

  CREATE UNIQUE INDEX "SYSTEM"."SYS_C008464" ON "SYSTEM"."SNS_AD_LINK" ("LINK_NO") 
  PCTFREE 10 INITRANS 2 MAXTRANS 255 COMPUTE STATISTICS 
  STORAGE(INITIAL 65536 NEXT 1048576 MINEXTENTS 1 MAXEXTENTS 2147483645
  PCTINCREASE 0 FREELISTS 1 FREELIST GROUPS 1
  BUFFER_POOL DEFAULT FLASH_CACHE DEFAULT CELL_FLASH_CACHE DEFAULT)
  TABLESPACE "SYSTEM" ;
--------------------------------------------------------
--  DDL for Index SYS_C008469
--------------------------------------------------------

  CREATE UNIQUE INDEX "SYSTEM"."SYS_C008469" ON "SYSTEM"."SNS_AD_POST_TAG" ("AD_POST_TAG_NO") 
  PCTFREE 10 INITRANS 2 MAXTRANS 255 COMPUTE STATISTICS 
  STORAGE(INITIAL 65536 NEXT 1048576 MINEXTENTS 1 MAXEXTENTS 2147483645
  PCTINCREASE 0 FREELISTS 1 FREELIST GROUPS 1
  BUFFER_POOL DEFAULT FLASH_CACHE DEFAULT CELL_FLASH_CACHE DEFAULT)
  TABLESPACE "SYSTEM" ;
--------------------------------------------------------
--  DDL for Index UK_AD_POST_TAG
--------------------------------------------------------

  CREATE UNIQUE INDEX "SYSTEM"."UK_AD_POST_TAG" ON "SYSTEM"."SNS_AD_POST_TAG" ("POST_NO", "AD_TAG_NO") 
  PCTFREE 10 INITRANS 2 MAXTRANS 255 COMPUTE STATISTICS 
  STORAGE(INITIAL 65536 NEXT 1048576 MINEXTENTS 1 MAXEXTENTS 2147483645
  PCTINCREASE 0 FREELISTS 1 FREELIST GROUPS 1
  BUFFER_POOL DEFAULT FLASH_CACHE DEFAULT CELL_FLASH_CACHE DEFAULT)
  TABLESPACE "SYSTEM" ;
--------------------------------------------------------
--  DDL for Index SYS_C008458
--------------------------------------------------------

  CREATE UNIQUE INDEX "SYSTEM"."SYS_C008458" ON "SYSTEM"."SNS_AD_TAG" ("AD_TAG_NO") 
  PCTFREE 10 INITRANS 2 MAXTRANS 255 COMPUTE STATISTICS 
  STORAGE(INITIAL 65536 NEXT 1048576 MINEXTENTS 1 MAXEXTENTS 2147483645
  PCTINCREASE 0 FREELISTS 1 FREELIST GROUPS 1
  BUFFER_POOL DEFAULT FLASH_CACHE DEFAULT CELL_FLASH_CACHE DEFAULT)
  TABLESPACE "SYSTEM" ;
--------------------------------------------------------
--  DDL for Index SYS_C008245
--------------------------------------------------------

  CREATE UNIQUE INDEX "SYSTEM"."SYS_C008245" ON "SYSTEM"."SNS_AUTH_CODE" ("AUTH_ID") 
  PCTFREE 10 INITRANS 2 MAXTRANS 255 COMPUTE STATISTICS 
  STORAGE(INITIAL 65536 NEXT 1048576 MINEXTENTS 1 MAXEXTENTS 2147483645
  PCTINCREASE 0 FREELISTS 1 FREELIST GROUPS 1
  BUFFER_POOL DEFAULT FLASH_CACHE DEFAULT CELL_FLASH_CACHE DEFAULT)
  TABLESPACE "SYSTEM" ;
--------------------------------------------------------
--  DDL for Index SYS_C008275
--------------------------------------------------------

  CREATE UNIQUE INDEX "SYSTEM"."SYS_C008275" ON "SYSTEM"."SNS_CATEGORY" ("CATEGORY_NO") 
  PCTFREE 10 INITRANS 2 MAXTRANS 255 COMPUTE STATISTICS 
  STORAGE(INITIAL 65536 NEXT 1048576 MINEXTENTS 1 MAXEXTENTS 2147483645
  PCTINCREASE 0 FREELISTS 1 FREELIST GROUPS 1
  BUFFER_POOL DEFAULT FLASH_CACHE DEFAULT CELL_FLASH_CACHE DEFAULT)
  TABLESPACE "SYSTEM" ;
--------------------------------------------------------
--  DDL for Index SYS_C008307
--------------------------------------------------------

  CREATE UNIQUE INDEX "SYSTEM"."SYS_C008307" ON "SYSTEM"."SNS_COMMENTS" ("COMMENT_NO") 
  PCTFREE 10 INITRANS 2 MAXTRANS 255 COMPUTE STATISTICS 
  STORAGE(INITIAL 65536 NEXT 1048576 MINEXTENTS 1 MAXEXTENTS 2147483645
  PCTINCREASE 0 FREELISTS 1 FREELIST GROUPS 1
  BUFFER_POOL DEFAULT FLASH_CACHE DEFAULT CELL_FLASH_CACHE DEFAULT)
  TABLESPACE "SYSTEM" ;
--------------------------------------------------------
--  DDL for Index SYS_C008452
--------------------------------------------------------

  CREATE UNIQUE INDEX "SYSTEM"."SYS_C008452" ON "SYSTEM"."SNS_DM_MESSAGE" ("MESSAGE_NO") 
  PCTFREE 10 INITRANS 2 MAXTRANS 255 COMPUTE STATISTICS 
  STORAGE(INITIAL 65536 NEXT 1048576 MINEXTENTS 1 MAXEXTENTS 2147483645
  PCTINCREASE 0 FREELISTS 1 FREELIST GROUPS 1
  BUFFER_POOL DEFAULT FLASH_CACHE DEFAULT CELL_FLASH_CACHE DEFAULT)
  TABLESPACE "SYSTEM" ;
--------------------------------------------------------
--  DDL for Index SYS_C008438
--------------------------------------------------------

  CREATE UNIQUE INDEX "SYSTEM"."SYS_C008438" ON "SYSTEM"."SNS_DM_ROOM" ("ROOM_NO") 
  PCTFREE 10 INITRANS 2 MAXTRANS 255 COMPUTE STATISTICS 
  STORAGE(INITIAL 65536 NEXT 1048576 MINEXTENTS 1 MAXEXTENTS 2147483645
  PCTINCREASE 0 FREELISTS 1 FREELIST GROUPS 1
  BUFFER_POOL DEFAULT FLASH_CACHE DEFAULT CELL_FLASH_CACHE DEFAULT)
  TABLESPACE "SYSTEM" ;
--------------------------------------------------------
--  DDL for Index SYS_C008442
--------------------------------------------------------

  CREATE UNIQUE INDEX "SYSTEM"."SYS_C008442" ON "SYSTEM"."SNS_DM_ROOM_USER" ("ROOM_USER_NO") 
  PCTFREE 10 INITRANS 2 MAXTRANS 255 COMPUTE STATISTICS 
  STORAGE(INITIAL 65536 NEXT 1048576 MINEXTENTS 1 MAXEXTENTS 2147483645
  PCTINCREASE 0 FREELISTS 1 FREELIST GROUPS 1
  BUFFER_POOL DEFAULT FLASH_CACHE DEFAULT CELL_FLASH_CACHE DEFAULT)
  TABLESPACE "SYSTEM" ;
--------------------------------------------------------
--  DDL for Index UK_DM_ROOM_USER
--------------------------------------------------------

  CREATE UNIQUE INDEX "SYSTEM"."UK_DM_ROOM_USER" ON "SYSTEM"."SNS_DM_ROOM_USER" ("ROOM_NO", "USER_ID") 
  PCTFREE 10 INITRANS 2 MAXTRANS 255 COMPUTE STATISTICS 
  STORAGE(INITIAL 65536 NEXT 1048576 MINEXTENTS 1 MAXEXTENTS 2147483645
  PCTINCREASE 0 FREELISTS 1 FREELIST GROUPS 1
  BUFFER_POOL DEFAULT FLASH_CACHE DEFAULT CELL_FLASH_CACHE DEFAULT)
  TABLESPACE "SYSTEM" ;
--------------------------------------------------------
--  DDL for Index SYS_C008351
--------------------------------------------------------

  CREATE UNIQUE INDEX "SYSTEM"."SYS_C008351" ON "SYSTEM"."SNS_FAVORITE_FOLDER" ("FOLDER_NO") 
  PCTFREE 10 INITRANS 2 MAXTRANS 255 COMPUTE STATISTICS 
  STORAGE(INITIAL 65536 NEXT 1048576 MINEXTENTS 1 MAXEXTENTS 2147483645
  PCTINCREASE 0 FREELISTS 1 FREELIST GROUPS 1
  BUFFER_POOL DEFAULT FLASH_CACHE DEFAULT CELL_FLASH_CACHE DEFAULT)
  TABLESPACE "SYSTEM" ;
--------------------------------------------------------
--  DDL for Index SYS_C008360
--------------------------------------------------------

  CREATE UNIQUE INDEX "SYSTEM"."SYS_C008360" ON "SYSTEM"."SNS_FAVORITE_PLACE" ("FAVORITE_NO") 
  PCTFREE 10 INITRANS 2 MAXTRANS 255 COMPUTE STATISTICS 
  STORAGE(INITIAL 65536 NEXT 1048576 MINEXTENTS 1 MAXEXTENTS 2147483645
  PCTINCREASE 0 FREELISTS 1 FREELIST GROUPS 1
  BUFFER_POOL DEFAULT FLASH_CACHE DEFAULT CELL_FLASH_CACHE DEFAULT)
  TABLESPACE "SYSTEM" ;
--------------------------------------------------------
--  DDL for Index SYS_C008433
--------------------------------------------------------

  CREATE UNIQUE INDEX "SYSTEM"."SYS_C008433" ON "SYSTEM"."SNS_FOLLOW_REQUEST" ("REQUEST_NO") 
  PCTFREE 10 INITRANS 2 MAXTRANS 255 COMPUTE STATISTICS 
  STORAGE(INITIAL 65536 NEXT 1048576 MINEXTENTS 1 MAXEXTENTS 2147483645
  PCTINCREASE 0 FREELISTS 1 FREELIST GROUPS 1
  BUFFER_POOL DEFAULT FLASH_CACHE DEFAULT CELL_FLASH_CACHE DEFAULT)
  TABLESPACE "SYSTEM" ;
--------------------------------------------------------
--  DDL for Index UK_FOLLOW_REQ_USER
--------------------------------------------------------

  CREATE UNIQUE INDEX "SYSTEM"."UK_FOLLOW_REQ_USER" ON "SYSTEM"."SNS_FOLLOW_REQUEST" ("REQUESTER_ID", "RECEIVER_ID") 
  PCTFREE 10 INITRANS 2 MAXTRANS 255 COMPUTE STATISTICS 
  STORAGE(INITIAL 65536 NEXT 1048576 MINEXTENTS 1 MAXEXTENTS 2147483645
  PCTINCREASE 0 FREELISTS 1 FREELIST GROUPS 1
  BUFFER_POOL DEFAULT FLASH_CACHE DEFAULT CELL_FLASH_CACHE DEFAULT)
  TABLESPACE "SYSTEM" ;
--------------------------------------------------------
--  DDL for Index SYS_C008334
--------------------------------------------------------

  CREATE UNIQUE INDEX "SYSTEM"."SYS_C008334" ON "SYSTEM"."SNS_FOLLOWS" ("FOLLOW_NO") 
  PCTFREE 10 INITRANS 2 MAXTRANS 255 COMPUTE STATISTICS 
  STORAGE(INITIAL 65536 NEXT 1048576 MINEXTENTS 1 MAXEXTENTS 2147483645
  PCTINCREASE 0 FREELISTS 1 FREELIST GROUPS 1
  BUFFER_POOL DEFAULT FLASH_CACHE DEFAULT CELL_FLASH_CACHE DEFAULT)
  TABLESPACE "SYSTEM" ;
--------------------------------------------------------
--  DDL for Index UK_SNS_FOLLOWS
--------------------------------------------------------

  CREATE UNIQUE INDEX "SYSTEM"."UK_SNS_FOLLOWS" ON "SYSTEM"."SNS_FOLLOWS" ("FOLLOWER_ID", "FOLLOWING_ID") 
  PCTFREE 10 INITRANS 2 MAXTRANS 255 COMPUTE STATISTICS 
  STORAGE(INITIAL 65536 NEXT 1048576 MINEXTENTS 1 MAXEXTENTS 2147483645
  PCTINCREASE 0 FREELISTS 1 FREELIST GROUPS 1
  BUFFER_POOL DEFAULT FLASH_CACHE DEFAULT CELL_FLASH_CACHE DEFAULT)
  TABLESPACE "SYSTEM" ;
--------------------------------------------------------
--  DDL for Index SYS_C008381
--------------------------------------------------------

  CREATE UNIQUE INDEX "SYSTEM"."SYS_C008381" ON "SYSTEM"."SNS_NOTIFICATION" ("NOTI_NO") 
  PCTFREE 10 INITRANS 2 MAXTRANS 255 COMPUTE STATISTICS 
  STORAGE(INITIAL 65536 NEXT 1048576 MINEXTENTS 1 MAXEXTENTS 2147483645
  PCTINCREASE 0 FREELISTS 1 FREELIST GROUPS 1
  BUFFER_POOL DEFAULT FLASH_CACHE DEFAULT CELL_FLASH_CACHE DEFAULT)
  TABLESPACE "SYSTEM" ;
--------------------------------------------------------
--  DDL for Index SYS_C008288
--------------------------------------------------------

  CREATE UNIQUE INDEX "SYSTEM"."SYS_C008288" ON "SYSTEM"."SNS_POST" ("POST_NO") 
  PCTFREE 10 INITRANS 2 MAXTRANS 255 COMPUTE STATISTICS 
  STORAGE(INITIAL 65536 NEXT 1048576 MINEXTENTS 1 MAXEXTENTS 2147483645
  PCTINCREASE 0 FREELISTS 1 FREELIST GROUPS 1
  BUFFER_POOL DEFAULT FLASH_CACHE DEFAULT CELL_FLASH_CACHE DEFAULT)
  TABLESPACE "SYSTEM" ;
--------------------------------------------------------
--  DDL for Index SYS_C008299
--------------------------------------------------------

  CREATE UNIQUE INDEX "SYSTEM"."SYS_C008299" ON "SYSTEM"."SNS_POST_FILE" ("FILE_NO") 
  PCTFREE 10 INITRANS 2 MAXTRANS 255 COMPUTE STATISTICS 
  STORAGE(INITIAL 65536 NEXT 1048576 MINEXTENTS 1 MAXEXTENTS 2147483645
  PCTINCREASE 0 FREELISTS 1 FREELIST GROUPS 1
  BUFFER_POOL DEFAULT FLASH_CACHE DEFAULT CELL_FLASH_CACHE DEFAULT)
  TABLESPACE "SYSTEM" ;
--------------------------------------------------------
--  DDL for Index SYS_C008314
--------------------------------------------------------

  CREATE UNIQUE INDEX "SYSTEM"."SYS_C008314" ON "SYSTEM"."SNS_POST_LIKE" ("LIKE_NO") 
  PCTFREE 10 INITRANS 2 MAXTRANS 255 COMPUTE STATISTICS 
  STORAGE(INITIAL 65536 NEXT 1048576 MINEXTENTS 1 MAXEXTENTS 2147483645
  PCTINCREASE 0 FREELISTS 1 FREELIST GROUPS 1
  BUFFER_POOL DEFAULT FLASH_CACHE DEFAULT CELL_FLASH_CACHE DEFAULT)
  TABLESPACE "SYSTEM" ;
--------------------------------------------------------
--  DDL for Index UK_SNS_POST_LIKE
--------------------------------------------------------

  CREATE UNIQUE INDEX "SYSTEM"."UK_SNS_POST_LIKE" ON "SYSTEM"."SNS_POST_LIKE" ("USER_ID", "POST_NO") 
  PCTFREE 10 INITRANS 2 MAXTRANS 255 COMPUTE STATISTICS 
  STORAGE(INITIAL 65536 NEXT 1048576 MINEXTENTS 1 MAXEXTENTS 2147483645
  PCTINCREASE 0 FREELISTS 1 FREELIST GROUPS 1
  BUFFER_POOL DEFAULT FLASH_CACHE DEFAULT CELL_FLASH_CACHE DEFAULT)
  TABLESPACE "SYSTEM" ;
--------------------------------------------------------
--  DDL for Index SYS_C008326
--------------------------------------------------------

  CREATE UNIQUE INDEX "SYSTEM"."SYS_C008326" ON "SYSTEM"."SNS_POST_TAG" ("POST_TAG_NO") 
  PCTFREE 10 INITRANS 2 MAXTRANS 255 COMPUTE STATISTICS 
  STORAGE(INITIAL 65536 NEXT 1048576 MINEXTENTS 1 MAXEXTENTS 2147483645
  PCTINCREASE 0 FREELISTS 1 FREELIST GROUPS 1
  BUFFER_POOL DEFAULT FLASH_CACHE DEFAULT CELL_FLASH_CACHE DEFAULT)
  TABLESPACE "SYSTEM" ;
--------------------------------------------------------
--  DDL for Index UK_SNS_POST_TAG
--------------------------------------------------------

  CREATE UNIQUE INDEX "SYSTEM"."UK_SNS_POST_TAG" ON "SYSTEM"."SNS_POST_TAG" ("POST_NO", "TAG_NO") 
  PCTFREE 10 INITRANS 2 MAXTRANS 255 COMPUTE STATISTICS 
  STORAGE(INITIAL 65536 NEXT 1048576 MINEXTENTS 1 MAXEXTENTS 2147483645
  PCTINCREASE 0 FREELISTS 1 FREELIST GROUPS 1
  BUFFER_POOL DEFAULT FLASH_CACHE DEFAULT CELL_FLASH_CACHE DEFAULT)
  TABLESPACE "SYSTEM" ;
--------------------------------------------------------
--  DDL for Index SYS_C008371
--------------------------------------------------------

  CREATE UNIQUE INDEX "SYSTEM"."SYS_C008371" ON "SYSTEM"."SNS_REPORT" ("REPORT_NO") 
  PCTFREE 10 INITRANS 2 MAXTRANS 255 COMPUTE STATISTICS 
  STORAGE(INITIAL 65536 NEXT 1048576 MINEXTENTS 1 MAXEXTENTS 2147483645
  PCTINCREASE 0 FREELISTS 1 FREELIST GROUPS 1
  BUFFER_POOL DEFAULT FLASH_CACHE DEFAULT CELL_FLASH_CACHE DEFAULT)
  TABLESPACE "SYSTEM" ;
--------------------------------------------------------
--  DDL for Index SYS_C008400
--------------------------------------------------------

  CREATE UNIQUE INDEX "SYSTEM"."SYS_C008400" ON "SYSTEM"."SNS_SEARCH_LOG" ("SEARCH_NO") 
  PCTFREE 10 INITRANS 2 MAXTRANS 255 COMPUTE STATISTICS 
  STORAGE(INITIAL 65536 NEXT 1048576 MINEXTENTS 1 MAXEXTENTS 2147483645
  PCTINCREASE 0 FREELISTS 1 FREELIST GROUPS 1
  BUFFER_POOL DEFAULT FLASH_CACHE DEFAULT CELL_FLASH_CACHE DEFAULT)
  TABLESPACE "SYSTEM" ;
--------------------------------------------------------
--  DDL for Index SYS_C008322
--------------------------------------------------------

  CREATE UNIQUE INDEX "SYSTEM"."SYS_C008322" ON "SYSTEM"."SNS_TAG" ("TAG_NO") 
  PCTFREE 10 INITRANS 2 MAXTRANS 255 COMPUTE STATISTICS 
  STORAGE(INITIAL 65536 NEXT 1048576 MINEXTENTS 1 MAXEXTENTS 2147483645
  PCTINCREASE 0 FREELISTS 1 FREELIST GROUPS 1
  BUFFER_POOL DEFAULT FLASH_CACHE DEFAULT CELL_FLASH_CACHE DEFAULT)
  TABLESPACE "SYSTEM" ;
--------------------------------------------------------
--  DDL for Index UK_SNS_TAG_NAME
--------------------------------------------------------

  CREATE UNIQUE INDEX "SYSTEM"."UK_SNS_TAG_NAME" ON "SYSTEM"."SNS_TAG" ("TAG_NAME") 
  PCTFREE 10 INITRANS 2 MAXTRANS 255 COMPUTE STATISTICS 
  STORAGE(INITIAL 65536 NEXT 1048576 MINEXTENTS 1 MAXEXTENTS 2147483645
  PCTINCREASE 0 FREELISTS 1 FREELIST GROUPS 1
  BUFFER_POOL DEFAULT FLASH_CACHE DEFAULT CELL_FLASH_CACHE DEFAULT)
  TABLESPACE "SYSTEM" ;
--------------------------------------------------------
--  DDL for Index SYS_C008395
--------------------------------------------------------

  CREATE UNIQUE INDEX "SYSTEM"."SYS_C008395" ON "SYSTEM"."SNS_USER_ACT_LOG" ("LOG_NO") 
  PCTFREE 10 INITRANS 2 MAXTRANS 255 COMPUTE STATISTICS 
  STORAGE(INITIAL 65536 NEXT 1048576 MINEXTENTS 1 MAXEXTENTS 2147483645
  PCTINCREASE 0 FREELISTS 1 FREELIST GROUPS 1
  BUFFER_POOL DEFAULT FLASH_CACHE DEFAULT CELL_FLASH_CACHE DEFAULT)
  TABLESPACE "SYSTEM" ;
--------------------------------------------------------
--  DDL for Index SYS_C008342
--------------------------------------------------------

  CREATE UNIQUE INDEX "SYSTEM"."SYS_C008342" ON "SYSTEM"."SNS_USER_BLOCK" ("BLOCK_NO") 
  PCTFREE 10 INITRANS 2 MAXTRANS 255 COMPUTE STATISTICS 
  STORAGE(INITIAL 65536 NEXT 1048576 MINEXTENTS 1 MAXEXTENTS 2147483645
  PCTINCREASE 0 FREELISTS 1 FREELIST GROUPS 1
  BUFFER_POOL DEFAULT FLASH_CACHE DEFAULT CELL_FLASH_CACHE DEFAULT)
  TABLESPACE "SYSTEM" ;
--------------------------------------------------------
--  DDL for Index UK_SNS_USER_BLOCK
--------------------------------------------------------

  CREATE UNIQUE INDEX "SYSTEM"."UK_SNS_USER_BLOCK" ON "SYSTEM"."SNS_USER_BLOCK" ("BLOCKER_ID", "BLOCKED_ID") 
  PCTFREE 10 INITRANS 2 MAXTRANS 255 COMPUTE STATISTICS 
  STORAGE(INITIAL 65536 NEXT 1048576 MINEXTENTS 1 MAXEXTENTS 2147483645
  PCTINCREASE 0 FREELISTS 1 FREELIST GROUPS 1
  BUFFER_POOL DEFAULT FLASH_CACHE DEFAULT CELL_FLASH_CACHE DEFAULT)
  TABLESPACE "SYSTEM" ;
--------------------------------------------------------
--  DDL for Index SYS_C008387
--------------------------------------------------------

  CREATE UNIQUE INDEX "SYSTEM"."SYS_C008387" ON "SYSTEM"."SNS_USER_INTR_SCORE" ("SCORE_NO") 
  PCTFREE 10 INITRANS 2 MAXTRANS 255 COMPUTE STATISTICS 
  STORAGE(INITIAL 65536 NEXT 1048576 MINEXTENTS 1 MAXEXTENTS 2147483645
  PCTINCREASE 0 FREELISTS 1 FREELIST GROUPS 1
  BUFFER_POOL DEFAULT FLASH_CACHE DEFAULT CELL_FLASH_CACHE DEFAULT)
  TABLESPACE "SYSTEM" ;
--------------------------------------------------------
--  DDL for Index PK_SNS_USER_NOTI
--------------------------------------------------------

  CREATE UNIQUE INDEX "SYSTEM"."PK_SNS_USER_NOTI" ON "SYSTEM"."SNS_USER_NOTI" ("USER_ID") 
  PCTFREE 10 INITRANS 2 MAXTRANS 255 COMPUTE STATISTICS 
  STORAGE(INITIAL 65536 NEXT 1048576 MINEXTENTS 1 MAXEXTENTS 2147483645
  PCTINCREASE 0 FREELISTS 1 FREELIST GROUPS 1
  BUFFER_POOL DEFAULT FLASH_CACHE DEFAULT CELL_FLASH_CACHE DEFAULT)
  TABLESPACE "SYSTEM" ;
--------------------------------------------------------
--  DDL for Index SYS_C008238
--------------------------------------------------------

  CREATE UNIQUE INDEX "SYSTEM"."SYS_C008238" ON "SYSTEM"."SNS_USERS" ("USER_ID") 
  PCTFREE 10 INITRANS 2 MAXTRANS 255 COMPUTE STATISTICS 
  STORAGE(INITIAL 65536 NEXT 1048576 MINEXTENTS 1 MAXEXTENTS 2147483645
  PCTINCREASE 0 FREELISTS 1 FREELIST GROUPS 1
  BUFFER_POOL DEFAULT FLASH_CACHE DEFAULT CELL_FLASH_CACHE DEFAULT)
  TABLESPACE "SYSTEM" ;
--------------------------------------------------------
--  DDL for Index SYS_C008239
--------------------------------------------------------

  CREATE UNIQUE INDEX "SYSTEM"."SYS_C008239" ON "SYSTEM"."SNS_USERS" ("USER_NICKNAME") 
  PCTFREE 10 INITRANS 2 MAXTRANS 255 COMPUTE STATISTICS 
  STORAGE(INITIAL 65536 NEXT 1048576 MINEXTENTS 1 MAXEXTENTS 2147483645
  PCTINCREASE 0 FREELISTS 1 FREELIST GROUPS 1
  BUFFER_POOL DEFAULT FLASH_CACHE DEFAULT CELL_FLASH_CACHE DEFAULT)
  TABLESPACE "SYSTEM" ;
--------------------------------------------------------
--  Constraints for Table SNS_ACT_SCORE
--------------------------------------------------------

  ALTER TABLE "SYSTEM"."SNS_ACT_SCORE" MODIFY ("ACT_TYPE" NOT NULL ENABLE);
  ALTER TABLE "SYSTEM"."SNS_ACT_SCORE" MODIFY ("SCORE" NOT NULL ENABLE);
  ALTER TABLE "SYSTEM"."SNS_ACT_SCORE" MODIFY ("USE_YN" NOT NULL ENABLE);
  ALTER TABLE "SYSTEM"."SNS_ACT_SCORE" ADD CONSTRAINT "CK_SNS_ACT_SCORE_USE" CHECK (USE_YN IN ('Y', 'N')) ENABLE;
  ALTER TABLE "SYSTEM"."SNS_ACT_SCORE" ADD PRIMARY KEY ("SCORE_NO")
  USING INDEX PCTFREE 10 INITRANS 2 MAXTRANS 255 COMPUTE STATISTICS 
  STORAGE(INITIAL 65536 NEXT 1048576 MINEXTENTS 1 MAXEXTENTS 2147483645
  PCTINCREASE 0 FREELISTS 1 FREELIST GROUPS 1
  BUFFER_POOL DEFAULT FLASH_CACHE DEFAULT CELL_FLASH_CACHE DEFAULT)
  TABLESPACE "SYSTEM"  ENABLE;
  ALTER TABLE "SYSTEM"."SNS_ACT_SCORE" ADD CONSTRAINT "UK_SNS_ACT_SCORE" UNIQUE ("ACT_TYPE")
  USING INDEX PCTFREE 10 INITRANS 2 MAXTRANS 255 COMPUTE STATISTICS 
  STORAGE(INITIAL 65536 NEXT 1048576 MINEXTENTS 1 MAXEXTENTS 2147483645
  PCTINCREASE 0 FREELISTS 1 FREELIST GROUPS 1
  BUFFER_POOL DEFAULT FLASH_CACHE DEFAULT CELL_FLASH_CACHE DEFAULT)
  TABLESPACE "SYSTEM"  ENABLE;
--------------------------------------------------------
--  Constraints for Table SNS_AD_LINK
--------------------------------------------------------

  ALTER TABLE "SYSTEM"."SNS_AD_LINK" MODIFY ("POST_NO" NOT NULL ENABLE);
  ALTER TABLE "SYSTEM"."SNS_AD_LINK" MODIFY ("LINK_NAME" NOT NULL ENABLE);
  ALTER TABLE "SYSTEM"."SNS_AD_LINK" MODIFY ("LINK_URL" NOT NULL ENABLE);
  ALTER TABLE "SYSTEM"."SNS_AD_LINK" MODIFY ("LINK_ORDER" NOT NULL ENABLE);
  ALTER TABLE "SYSTEM"."SNS_AD_LINK" MODIFY ("CDATE" NOT NULL ENABLE);
  ALTER TABLE "SYSTEM"."SNS_AD_LINK" ADD PRIMARY KEY ("LINK_NO")
  USING INDEX PCTFREE 10 INITRANS 2 MAXTRANS 255 COMPUTE STATISTICS 
  STORAGE(INITIAL 65536 NEXT 1048576 MINEXTENTS 1 MAXEXTENTS 2147483645
  PCTINCREASE 0 FREELISTS 1 FREELIST GROUPS 1
  BUFFER_POOL DEFAULT FLASH_CACHE DEFAULT CELL_FLASH_CACHE DEFAULT)
  TABLESPACE "SYSTEM"  ENABLE;
--------------------------------------------------------
--  Constraints for Table SNS_AD_POST_TAG
--------------------------------------------------------

  ALTER TABLE "SYSTEM"."SNS_AD_POST_TAG" MODIFY ("POST_NO" NOT NULL ENABLE);
  ALTER TABLE "SYSTEM"."SNS_AD_POST_TAG" MODIFY ("AD_TAG_NO" NOT NULL ENABLE);
  ALTER TABLE "SYSTEM"."SNS_AD_POST_TAG" MODIFY ("CDATE" NOT NULL ENABLE);
  ALTER TABLE "SYSTEM"."SNS_AD_POST_TAG" ADD PRIMARY KEY ("AD_POST_TAG_NO")
  USING INDEX PCTFREE 10 INITRANS 2 MAXTRANS 255 COMPUTE STATISTICS 
  STORAGE(INITIAL 65536 NEXT 1048576 MINEXTENTS 1 MAXEXTENTS 2147483645
  PCTINCREASE 0 FREELISTS 1 FREELIST GROUPS 1
  BUFFER_POOL DEFAULT FLASH_CACHE DEFAULT CELL_FLASH_CACHE DEFAULT)
  TABLESPACE "SYSTEM"  ENABLE;
  ALTER TABLE "SYSTEM"."SNS_AD_POST_TAG" ADD CONSTRAINT "UK_AD_POST_TAG" UNIQUE ("POST_NO", "AD_TAG_NO")
  USING INDEX PCTFREE 10 INITRANS 2 MAXTRANS 255 COMPUTE STATISTICS 
  STORAGE(INITIAL 65536 NEXT 1048576 MINEXTENTS 1 MAXEXTENTS 2147483645
  PCTINCREASE 0 FREELISTS 1 FREELIST GROUPS 1
  BUFFER_POOL DEFAULT FLASH_CACHE DEFAULT CELL_FLASH_CACHE DEFAULT)
  TABLESPACE "SYSTEM"  ENABLE;
--------------------------------------------------------
--  Constraints for Table SNS_AD_TAG
--------------------------------------------------------

  ALTER TABLE "SYSTEM"."SNS_AD_TAG" MODIFY ("AD_TAG_NAME" NOT NULL ENABLE);
  ALTER TABLE "SYSTEM"."SNS_AD_TAG" MODIFY ("USE_YN" NOT NULL ENABLE);
  ALTER TABLE "SYSTEM"."SNS_AD_TAG" MODIFY ("CDATE" NOT NULL ENABLE);
  ALTER TABLE "SYSTEM"."SNS_AD_TAG" ADD PRIMARY KEY ("AD_TAG_NO")
  USING INDEX PCTFREE 10 INITRANS 2 MAXTRANS 255 COMPUTE STATISTICS 
  STORAGE(INITIAL 65536 NEXT 1048576 MINEXTENTS 1 MAXEXTENTS 2147483645
  PCTINCREASE 0 FREELISTS 1 FREELIST GROUPS 1
  BUFFER_POOL DEFAULT FLASH_CACHE DEFAULT CELL_FLASH_CACHE DEFAULT)
  TABLESPACE "SYSTEM"  ENABLE;
--------------------------------------------------------
--  Constraints for Table SNS_AUTH_CODE
--------------------------------------------------------

  ALTER TABLE "SYSTEM"."SNS_AUTH_CODE" MODIFY ("USER_PHONE" NOT NULL ENABLE);
  ALTER TABLE "SYSTEM"."SNS_AUTH_CODE" MODIFY ("AUTH_CODE" NOT NULL ENABLE);
  ALTER TABLE "SYSTEM"."SNS_AUTH_CODE" MODIFY ("AUTH_STATUS" NOT NULL ENABLE);
  ALTER TABLE "SYSTEM"."SNS_AUTH_CODE" MODIFY ("EXPIRE_TIME" NOT NULL ENABLE);
  ALTER TABLE "SYSTEM"."SNS_AUTH_CODE" MODIFY ("CDATE" NOT NULL ENABLE);
  ALTER TABLE "SYSTEM"."SNS_AUTH_CODE" ADD PRIMARY KEY ("AUTH_ID")
  USING INDEX PCTFREE 10 INITRANS 2 MAXTRANS 255 COMPUTE STATISTICS 
  STORAGE(INITIAL 65536 NEXT 1048576 MINEXTENTS 1 MAXEXTENTS 2147483645
  PCTINCREASE 0 FREELISTS 1 FREELIST GROUPS 1
  BUFFER_POOL DEFAULT FLASH_CACHE DEFAULT CELL_FLASH_CACHE DEFAULT)
  TABLESPACE "SYSTEM"  ENABLE;
--------------------------------------------------------
--  Constraints for Table SNS_CATEGORY
--------------------------------------------------------

  ALTER TABLE "SYSTEM"."SNS_CATEGORY" MODIFY ("CATEGORY_NAME" NOT NULL ENABLE);
  ALTER TABLE "SYSTEM"."SNS_CATEGORY" MODIFY ("USE_YN" NOT NULL ENABLE);
  ALTER TABLE "SYSTEM"."SNS_CATEGORY" ADD CONSTRAINT "CK_SNS_CATEGORY_USE_YN" CHECK (USE_YN IN ('Y', 'N')) ENABLE;
  ALTER TABLE "SYSTEM"."SNS_CATEGORY" ADD PRIMARY KEY ("CATEGORY_NO")
  USING INDEX PCTFREE 10 INITRANS 2 MAXTRANS 255 COMPUTE STATISTICS 
  STORAGE(INITIAL 65536 NEXT 1048576 MINEXTENTS 1 MAXEXTENTS 2147483645
  PCTINCREASE 0 FREELISTS 1 FREELIST GROUPS 1
  BUFFER_POOL DEFAULT FLASH_CACHE DEFAULT CELL_FLASH_CACHE DEFAULT)
  TABLESPACE "SYSTEM"  ENABLE;
--------------------------------------------------------
--  Constraints for Table SNS_COMMENTS
--------------------------------------------------------

  ALTER TABLE "SYSTEM"."SNS_COMMENTS" MODIFY ("USER_ID" NOT NULL ENABLE);
  ALTER TABLE "SYSTEM"."SNS_COMMENTS" MODIFY ("POST_NO" NOT NULL ENABLE);
  ALTER TABLE "SYSTEM"."SNS_COMMENTS" MODIFY ("CONTENT" NOT NULL ENABLE);
  ALTER TABLE "SYSTEM"."SNS_COMMENTS" MODIFY ("CMT_STATUS" NOT NULL ENABLE);
  ALTER TABLE "SYSTEM"."SNS_COMMENTS" MODIFY ("CDATE" NOT NULL ENABLE);
  ALTER TABLE "SYSTEM"."SNS_COMMENTS" ADD CONSTRAINT "CK_SNS_COMMENTS_STATUS" CHECK ("CMT_STATUS"='ACT' OR "CMT_STATUS"='DEL' OR "CMT_STATUS"='BLK') ENABLE;
  ALTER TABLE "SYSTEM"."SNS_COMMENTS" ADD PRIMARY KEY ("COMMENT_NO")
  USING INDEX PCTFREE 10 INITRANS 2 MAXTRANS 255 COMPUTE STATISTICS 
  STORAGE(INITIAL 65536 NEXT 1048576 MINEXTENTS 1 MAXEXTENTS 2147483645
  PCTINCREASE 0 FREELISTS 1 FREELIST GROUPS 1
  BUFFER_POOL DEFAULT FLASH_CACHE DEFAULT CELL_FLASH_CACHE DEFAULT)
  TABLESPACE "SYSTEM"  ENABLE;
--------------------------------------------------------
--  Constraints for Table SNS_DM_MESSAGE
--------------------------------------------------------

  ALTER TABLE "SYSTEM"."SNS_DM_MESSAGE" MODIFY ("USER_ID" NOT NULL ENABLE);
  ALTER TABLE "SYSTEM"."SNS_DM_MESSAGE" MODIFY ("ROOM_NO" NOT NULL ENABLE);
  ALTER TABLE "SYSTEM"."SNS_DM_MESSAGE" MODIFY ("MESSAGE" NOT NULL ENABLE);
  ALTER TABLE "SYSTEM"."SNS_DM_MESSAGE" MODIFY ("READ_YN" NOT NULL ENABLE);
  ALTER TABLE "SYSTEM"."SNS_DM_MESSAGE" MODIFY ("CDATE" NOT NULL ENABLE);
  ALTER TABLE "SYSTEM"."SNS_DM_MESSAGE" ADD CONSTRAINT "CK_DM_MESSAGE_READ_YN" CHECK (READ_YN IN ('Y', 'N')) ENABLE;
  ALTER TABLE "SYSTEM"."SNS_DM_MESSAGE" ADD PRIMARY KEY ("MESSAGE_NO")
  USING INDEX PCTFREE 10 INITRANS 2 MAXTRANS 255 COMPUTE STATISTICS 
  STORAGE(INITIAL 65536 NEXT 1048576 MINEXTENTS 1 MAXEXTENTS 2147483645
  PCTINCREASE 0 FREELISTS 1 FREELIST GROUPS 1
  BUFFER_POOL DEFAULT FLASH_CACHE DEFAULT CELL_FLASH_CACHE DEFAULT)
  TABLESPACE "SYSTEM"  ENABLE;
--------------------------------------------------------
--  Constraints for Table SNS_DM_ROOM
--------------------------------------------------------

  ALTER TABLE "SYSTEM"."SNS_DM_ROOM" MODIFY ("CDATE" NOT NULL ENABLE);
  ALTER TABLE "SYSTEM"."SNS_DM_ROOM" ADD PRIMARY KEY ("ROOM_NO")
  USING INDEX PCTFREE 10 INITRANS 2 MAXTRANS 255 COMPUTE STATISTICS 
  STORAGE(INITIAL 65536 NEXT 1048576 MINEXTENTS 1 MAXEXTENTS 2147483645
  PCTINCREASE 0 FREELISTS 1 FREELIST GROUPS 1
  BUFFER_POOL DEFAULT FLASH_CACHE DEFAULT CELL_FLASH_CACHE DEFAULT)
  TABLESPACE "SYSTEM"  ENABLE;
--------------------------------------------------------
--  Constraints for Table SNS_DM_ROOM_USER
--------------------------------------------------------

  ALTER TABLE "SYSTEM"."SNS_DM_ROOM_USER" MODIFY ("USER_ID" NOT NULL ENABLE);
  ALTER TABLE "SYSTEM"."SNS_DM_ROOM_USER" MODIFY ("ROOM_NO" NOT NULL ENABLE);
  ALTER TABLE "SYSTEM"."SNS_DM_ROOM_USER" MODIFY ("CDATE" NOT NULL ENABLE);
  ALTER TABLE "SYSTEM"."SNS_DM_ROOM_USER" ADD PRIMARY KEY ("ROOM_USER_NO")
  USING INDEX PCTFREE 10 INITRANS 2 MAXTRANS 255 COMPUTE STATISTICS 
  STORAGE(INITIAL 65536 NEXT 1048576 MINEXTENTS 1 MAXEXTENTS 2147483645
  PCTINCREASE 0 FREELISTS 1 FREELIST GROUPS 1
  BUFFER_POOL DEFAULT FLASH_CACHE DEFAULT CELL_FLASH_CACHE DEFAULT)
  TABLESPACE "SYSTEM"  ENABLE;
  ALTER TABLE "SYSTEM"."SNS_DM_ROOM_USER" ADD CONSTRAINT "UK_DM_ROOM_USER" UNIQUE ("ROOM_NO", "USER_ID")
  USING INDEX PCTFREE 10 INITRANS 2 MAXTRANS 255 COMPUTE STATISTICS 
  STORAGE(INITIAL 65536 NEXT 1048576 MINEXTENTS 1 MAXEXTENTS 2147483645
  PCTINCREASE 0 FREELISTS 1 FREELIST GROUPS 1
  BUFFER_POOL DEFAULT FLASH_CACHE DEFAULT CELL_FLASH_CACHE DEFAULT)
  TABLESPACE "SYSTEM"  ENABLE;
--------------------------------------------------------
--  Constraints for Table SNS_FAVORITE_FOLDER
--------------------------------------------------------

  ALTER TABLE "SYSTEM"."SNS_FAVORITE_FOLDER" MODIFY ("USER_ID" NOT NULL ENABLE);
  ALTER TABLE "SYSTEM"."SNS_FAVORITE_FOLDER" MODIFY ("FOLDER_NAME" NOT NULL ENABLE);
  ALTER TABLE "SYSTEM"."SNS_FAVORITE_FOLDER" MODIFY ("IS_SHARED" NOT NULL ENABLE);
  ALTER TABLE "SYSTEM"."SNS_FAVORITE_FOLDER" MODIFY ("CDATE" NOT NULL ENABLE);
  ALTER TABLE "SYSTEM"."SNS_FAVORITE_FOLDER" ADD CONSTRAINT "CK_SNS_FAV_FOLDER_SHARED" CHECK (IS_SHARED IN ('Y', 'N')) ENABLE;
  ALTER TABLE "SYSTEM"."SNS_FAVORITE_FOLDER" ADD PRIMARY KEY ("FOLDER_NO")
  USING INDEX PCTFREE 10 INITRANS 2 MAXTRANS 255 COMPUTE STATISTICS 
  STORAGE(INITIAL 65536 NEXT 1048576 MINEXTENTS 1 MAXEXTENTS 2147483645
  PCTINCREASE 0 FREELISTS 1 FREELIST GROUPS 1
  BUFFER_POOL DEFAULT FLASH_CACHE DEFAULT CELL_FLASH_CACHE DEFAULT)
  TABLESPACE "SYSTEM"  ENABLE;
--------------------------------------------------------
--  Constraints for Table SNS_FAVORITE_PLACE
--------------------------------------------------------

  ALTER TABLE "SYSTEM"."SNS_FAVORITE_PLACE" MODIFY ("FOLDER_NO" NOT NULL ENABLE);
  ALTER TABLE "SYSTEM"."SNS_FAVORITE_PLACE" MODIFY ("USER_ID" NOT NULL ENABLE);
  ALTER TABLE "SYSTEM"."SNS_FAVORITE_PLACE" MODIFY ("PLACE_NAME" NOT NULL ENABLE);
  ALTER TABLE "SYSTEM"."SNS_FAVORITE_PLACE" MODIFY ("PLACE_ADDRESS" NOT NULL ENABLE);
  ALTER TABLE "SYSTEM"."SNS_FAVORITE_PLACE" MODIFY ("LAT" NOT NULL ENABLE);
  ALTER TABLE "SYSTEM"."SNS_FAVORITE_PLACE" MODIFY ("LNG" NOT NULL ENABLE);
  ALTER TABLE "SYSTEM"."SNS_FAVORITE_PLACE" MODIFY ("CDATE" NOT NULL ENABLE);
  ALTER TABLE "SYSTEM"."SNS_FAVORITE_PLACE" ADD PRIMARY KEY ("FAVORITE_NO")
  USING INDEX PCTFREE 10 INITRANS 2 MAXTRANS 255 COMPUTE STATISTICS 
  STORAGE(INITIAL 65536 NEXT 1048576 MINEXTENTS 1 MAXEXTENTS 2147483645
  PCTINCREASE 0 FREELISTS 1 FREELIST GROUPS 1
  BUFFER_POOL DEFAULT FLASH_CACHE DEFAULT CELL_FLASH_CACHE DEFAULT)
  TABLESPACE "SYSTEM"  ENABLE;
--------------------------------------------------------
--  Constraints for Table SNS_FOLLOW_REQUEST
--------------------------------------------------------

  ALTER TABLE "SYSTEM"."SNS_FOLLOW_REQUEST" MODIFY ("REQUESTER_ID" NOT NULL ENABLE);
  ALTER TABLE "SYSTEM"."SNS_FOLLOW_REQUEST" MODIFY ("RECEIVER_ID" NOT NULL ENABLE);
  ALTER TABLE "SYSTEM"."SNS_FOLLOW_REQUEST" MODIFY ("REQUEST_STATUS" NOT NULL ENABLE);
  ALTER TABLE "SYSTEM"."SNS_FOLLOW_REQUEST" MODIFY ("CDATE" NOT NULL ENABLE);
  ALTER TABLE "SYSTEM"."SNS_FOLLOW_REQUEST" ADD PRIMARY KEY ("REQUEST_NO")
  USING INDEX PCTFREE 10 INITRANS 2 MAXTRANS 255 COMPUTE STATISTICS 
  STORAGE(INITIAL 65536 NEXT 1048576 MINEXTENTS 1 MAXEXTENTS 2147483645
  PCTINCREASE 0 FREELISTS 1 FREELIST GROUPS 1
  BUFFER_POOL DEFAULT FLASH_CACHE DEFAULT CELL_FLASH_CACHE DEFAULT)
  TABLESPACE "SYSTEM"  ENABLE;
  ALTER TABLE "SYSTEM"."SNS_FOLLOW_REQUEST" ADD CONSTRAINT "UK_FOLLOW_REQ_USER" UNIQUE ("REQUESTER_ID", "RECEIVER_ID")
  USING INDEX PCTFREE 10 INITRANS 2 MAXTRANS 255 COMPUTE STATISTICS 
  STORAGE(INITIAL 65536 NEXT 1048576 MINEXTENTS 1 MAXEXTENTS 2147483645
  PCTINCREASE 0 FREELISTS 1 FREELIST GROUPS 1
  BUFFER_POOL DEFAULT FLASH_CACHE DEFAULT CELL_FLASH_CACHE DEFAULT)
  TABLESPACE "SYSTEM"  ENABLE;
--------------------------------------------------------
--  Constraints for Table SNS_FOLLOWS
--------------------------------------------------------

  ALTER TABLE "SYSTEM"."SNS_FOLLOWS" MODIFY ("FOLLOWER_ID" NOT NULL ENABLE);
  ALTER TABLE "SYSTEM"."SNS_FOLLOWS" MODIFY ("FOLLOWING_ID" NOT NULL ENABLE);
  ALTER TABLE "SYSTEM"."SNS_FOLLOWS" MODIFY ("CDATE" NOT NULL ENABLE);
  ALTER TABLE "SYSTEM"."SNS_FOLLOWS" ADD CONSTRAINT "CK_SNS_FOLLOWS_SELF" CHECK (FOLLOWER_ID <> FOLLOWING_ID) ENABLE;
  ALTER TABLE "SYSTEM"."SNS_FOLLOWS" ADD PRIMARY KEY ("FOLLOW_NO")
  USING INDEX PCTFREE 10 INITRANS 2 MAXTRANS 255 COMPUTE STATISTICS 
  STORAGE(INITIAL 65536 NEXT 1048576 MINEXTENTS 1 MAXEXTENTS 2147483645
  PCTINCREASE 0 FREELISTS 1 FREELIST GROUPS 1
  BUFFER_POOL DEFAULT FLASH_CACHE DEFAULT CELL_FLASH_CACHE DEFAULT)
  TABLESPACE "SYSTEM"  ENABLE;
  ALTER TABLE "SYSTEM"."SNS_FOLLOWS" ADD CONSTRAINT "UK_SNS_FOLLOWS" UNIQUE ("FOLLOWER_ID", "FOLLOWING_ID")
  USING INDEX PCTFREE 10 INITRANS 2 MAXTRANS 255 COMPUTE STATISTICS 
  STORAGE(INITIAL 65536 NEXT 1048576 MINEXTENTS 1 MAXEXTENTS 2147483645
  PCTINCREASE 0 FREELISTS 1 FREELIST GROUPS 1
  BUFFER_POOL DEFAULT FLASH_CACHE DEFAULT CELL_FLASH_CACHE DEFAULT)
  TABLESPACE "SYSTEM"  ENABLE;
--------------------------------------------------------
--  Constraints for Table SNS_NOTIFICATION
--------------------------------------------------------

  ALTER TABLE "SYSTEM"."SNS_NOTIFICATION" MODIFY ("USER_ID" NOT NULL ENABLE);
  ALTER TABLE "SYSTEM"."SNS_NOTIFICATION" MODIFY ("SENDER_ID" NOT NULL ENABLE);
  ALTER TABLE "SYSTEM"."SNS_NOTIFICATION" MODIFY ("NOTI_TYPE" NOT NULL ENABLE);
  ALTER TABLE "SYSTEM"."SNS_NOTIFICATION" MODIFY ("TARGET_TYPE" NOT NULL ENABLE);
  ALTER TABLE "SYSTEM"."SNS_NOTIFICATION" MODIFY ("CONTENT" NOT NULL ENABLE);
  ALTER TABLE "SYSTEM"."SNS_NOTIFICATION" MODIFY ("READ_YN" NOT NULL ENABLE);
  ALTER TABLE "SYSTEM"."SNS_NOTIFICATION" MODIFY ("CDATE" NOT NULL ENABLE);
  ALTER TABLE "SYSTEM"."SNS_NOTIFICATION" ADD CONSTRAINT "CK_SNS_NOTI_READ" CHECK (READ_YN IN ('Y', 'N')) ENABLE;
  ALTER TABLE "SYSTEM"."SNS_NOTIFICATION" ADD PRIMARY KEY ("NOTI_NO")
  USING INDEX PCTFREE 10 INITRANS 2 MAXTRANS 255 COMPUTE STATISTICS 
  STORAGE(INITIAL 65536 NEXT 1048576 MINEXTENTS 1 MAXEXTENTS 2147483645
  PCTINCREASE 0 FREELISTS 1 FREELIST GROUPS 1
  BUFFER_POOL DEFAULT FLASH_CACHE DEFAULT CELL_FLASH_CACHE DEFAULT)
  TABLESPACE "SYSTEM"  ENABLE;
--------------------------------------------------------
--  Constraints for Table SNS_POST
--------------------------------------------------------

  ALTER TABLE "SYSTEM"."SNS_POST" MODIFY ("USER_ID" NOT NULL ENABLE);
  ALTER TABLE "SYSTEM"."SNS_POST" MODIFY ("CATEGORY_NO" NOT NULL ENABLE);
  ALTER TABLE "SYSTEM"."SNS_POST" MODIFY ("TITLE" NOT NULL ENABLE);
  ALTER TABLE "SYSTEM"."SNS_POST" MODIFY ("CONTENT" NOT NULL ENABLE);
  ALTER TABLE "SYSTEM"."SNS_POST" MODIFY ("CMT_YN" NOT NULL ENABLE);
  ALTER TABLE "SYSTEM"."SNS_POST" MODIFY ("IS_AD" NOT NULL ENABLE);
  ALTER TABLE "SYSTEM"."SNS_POST" MODIFY ("VIEW_COUNT" NOT NULL ENABLE);
  ALTER TABLE "SYSTEM"."SNS_POST" MODIFY ("FEED_STATUS" NOT NULL ENABLE);
  ALTER TABLE "SYSTEM"."SNS_POST" MODIFY ("CDATE" NOT NULL ENABLE);
  ALTER TABLE "SYSTEM"."SNS_POST" ADD CONSTRAINT "CK_SNS_POST_CMT_YN" CHECK (CMT_YN IN ('Y', 'N')) ENABLE;
  ALTER TABLE "SYSTEM"."SNS_POST" ADD CONSTRAINT "CK_SNS_POST_IS_AD" CHECK (IS_AD IN ('Y', 'N')) ENABLE;
  ALTER TABLE "SYSTEM"."SNS_POST" ADD CONSTRAINT "CK_SNS_POST_STATUS" CHECK (FEED_STATUS IN ('ACT', 'DEL', 'BLK')) ENABLE;
  ALTER TABLE "SYSTEM"."SNS_POST" ADD PRIMARY KEY ("POST_NO")
  USING INDEX PCTFREE 10 INITRANS 2 MAXTRANS 255 COMPUTE STATISTICS 
  STORAGE(INITIAL 65536 NEXT 1048576 MINEXTENTS 1 MAXEXTENTS 2147483645
  PCTINCREASE 0 FREELISTS 1 FREELIST GROUPS 1
  BUFFER_POOL DEFAULT FLASH_CACHE DEFAULT CELL_FLASH_CACHE DEFAULT)
  TABLESPACE "SYSTEM"  ENABLE;
--------------------------------------------------------
--  Constraints for Table SNS_POST_FILE
--------------------------------------------------------

  ALTER TABLE "SYSTEM"."SNS_POST_FILE" MODIFY ("POST_NO" NOT NULL ENABLE);
  ALTER TABLE "SYSTEM"."SNS_POST_FILE" MODIFY ("ORIGIN_NAME" NOT NULL ENABLE);
  ALTER TABLE "SYSTEM"."SNS_POST_FILE" MODIFY ("SAVE_NAME" NOT NULL ENABLE);
  ALTER TABLE "SYSTEM"."SNS_POST_FILE" MODIFY ("FILE_PATH" NOT NULL ENABLE);
  ALTER TABLE "SYSTEM"."SNS_POST_FILE" MODIFY ("FILE_TYPE" NOT NULL ENABLE);
  ALTER TABLE "SYSTEM"."SNS_POST_FILE" MODIFY ("FILE_ORDER" NOT NULL ENABLE);
  ALTER TABLE "SYSTEM"."SNS_POST_FILE" MODIFY ("CDATE" NOT NULL ENABLE);
  ALTER TABLE "SYSTEM"."SNS_POST_FILE" ADD CONSTRAINT "CK_SNS_POST_FILE_TYPE" CHECK (FILE_TYPE IN ('IMG', 'VDO')) ENABLE;
  ALTER TABLE "SYSTEM"."SNS_POST_FILE" ADD PRIMARY KEY ("FILE_NO")
  USING INDEX PCTFREE 10 INITRANS 2 MAXTRANS 255 COMPUTE STATISTICS 
  STORAGE(INITIAL 65536 NEXT 1048576 MINEXTENTS 1 MAXEXTENTS 2147483645
  PCTINCREASE 0 FREELISTS 1 FREELIST GROUPS 1
  BUFFER_POOL DEFAULT FLASH_CACHE DEFAULT CELL_FLASH_CACHE DEFAULT)
  TABLESPACE "SYSTEM"  ENABLE;
--------------------------------------------------------
--  Constraints for Table SNS_POST_LIKE
--------------------------------------------------------

  ALTER TABLE "SYSTEM"."SNS_POST_LIKE" MODIFY ("USER_ID" NOT NULL ENABLE);
  ALTER TABLE "SYSTEM"."SNS_POST_LIKE" MODIFY ("POST_NO" NOT NULL ENABLE);
  ALTER TABLE "SYSTEM"."SNS_POST_LIKE" MODIFY ("CDATE" NOT NULL ENABLE);
  ALTER TABLE "SYSTEM"."SNS_POST_LIKE" ADD PRIMARY KEY ("LIKE_NO")
  USING INDEX PCTFREE 10 INITRANS 2 MAXTRANS 255 COMPUTE STATISTICS 
  STORAGE(INITIAL 65536 NEXT 1048576 MINEXTENTS 1 MAXEXTENTS 2147483645
  PCTINCREASE 0 FREELISTS 1 FREELIST GROUPS 1
  BUFFER_POOL DEFAULT FLASH_CACHE DEFAULT CELL_FLASH_CACHE DEFAULT)
  TABLESPACE "SYSTEM"  ENABLE;
  ALTER TABLE "SYSTEM"."SNS_POST_LIKE" ADD CONSTRAINT "UK_SNS_POST_LIKE" UNIQUE ("USER_ID", "POST_NO")
  USING INDEX PCTFREE 10 INITRANS 2 MAXTRANS 255 COMPUTE STATISTICS 
  STORAGE(INITIAL 65536 NEXT 1048576 MINEXTENTS 1 MAXEXTENTS 2147483645
  PCTINCREASE 0 FREELISTS 1 FREELIST GROUPS 1
  BUFFER_POOL DEFAULT FLASH_CACHE DEFAULT CELL_FLASH_CACHE DEFAULT)
  TABLESPACE "SYSTEM"  ENABLE;
--------------------------------------------------------
--  Constraints for Table SNS_POST_TAG
--------------------------------------------------------

  ALTER TABLE "SYSTEM"."SNS_POST_TAG" MODIFY ("POST_NO" NOT NULL ENABLE);
  ALTER TABLE "SYSTEM"."SNS_POST_TAG" MODIFY ("TAG_NO" NOT NULL ENABLE);
  ALTER TABLE "SYSTEM"."SNS_POST_TAG" ADD PRIMARY KEY ("POST_TAG_NO")
  USING INDEX PCTFREE 10 INITRANS 2 MAXTRANS 255 COMPUTE STATISTICS 
  STORAGE(INITIAL 65536 NEXT 1048576 MINEXTENTS 1 MAXEXTENTS 2147483645
  PCTINCREASE 0 FREELISTS 1 FREELIST GROUPS 1
  BUFFER_POOL DEFAULT FLASH_CACHE DEFAULT CELL_FLASH_CACHE DEFAULT)
  TABLESPACE "SYSTEM"  ENABLE;
  ALTER TABLE "SYSTEM"."SNS_POST_TAG" ADD CONSTRAINT "UK_SNS_POST_TAG" UNIQUE ("POST_NO", "TAG_NO")
  USING INDEX PCTFREE 10 INITRANS 2 MAXTRANS 255 COMPUTE STATISTICS 
  STORAGE(INITIAL 65536 NEXT 1048576 MINEXTENTS 1 MAXEXTENTS 2147483645
  PCTINCREASE 0 FREELISTS 1 FREELIST GROUPS 1
  BUFFER_POOL DEFAULT FLASH_CACHE DEFAULT CELL_FLASH_CACHE DEFAULT)
  TABLESPACE "SYSTEM"  ENABLE;
--------------------------------------------------------
--  Constraints for Table SNS_REPORT
--------------------------------------------------------

  ALTER TABLE "SYSTEM"."SNS_REPORT" MODIFY ("REPORTER_ID" NOT NULL ENABLE);
  ALTER TABLE "SYSTEM"."SNS_REPORT" MODIFY ("TARGET_TYPE" NOT NULL ENABLE);
  ALTER TABLE "SYSTEM"."SNS_REPORT" MODIFY ("TARGET_ID" NOT NULL ENABLE);
  ALTER TABLE "SYSTEM"."SNS_REPORT" MODIFY ("REASON" NOT NULL ENABLE);
  ALTER TABLE "SYSTEM"."SNS_REPORT" MODIFY ("STATUS" NOT NULL ENABLE);
  ALTER TABLE "SYSTEM"."SNS_REPORT" MODIFY ("CDATE" NOT NULL ENABLE);
  ALTER TABLE "SYSTEM"."SNS_REPORT" ADD CONSTRAINT "CK_SNS_REPORT_STATUS" CHECK (STATUS IN ('NEW', 'ING', 'END')) ENABLE;
  ALTER TABLE "SYSTEM"."SNS_REPORT" ADD CONSTRAINT "CK_SNS_REPORT_TARGET" CHECK (TARGET_TYPE IN ('USR', 'PST', 'CMT')) ENABLE;
  ALTER TABLE "SYSTEM"."SNS_REPORT" ADD PRIMARY KEY ("REPORT_NO")
  USING INDEX PCTFREE 10 INITRANS 2 MAXTRANS 255 COMPUTE STATISTICS 
  STORAGE(INITIAL 65536 NEXT 1048576 MINEXTENTS 1 MAXEXTENTS 2147483645
  PCTINCREASE 0 FREELISTS 1 FREELIST GROUPS 1
  BUFFER_POOL DEFAULT FLASH_CACHE DEFAULT CELL_FLASH_CACHE DEFAULT)
  TABLESPACE "SYSTEM"  ENABLE;
--------------------------------------------------------
--  Constraints for Table SNS_SEARCH_LOG
--------------------------------------------------------

  ALTER TABLE "SYSTEM"."SNS_SEARCH_LOG" MODIFY ("USER_ID" NOT NULL ENABLE);
  ALTER TABLE "SYSTEM"."SNS_SEARCH_LOG" MODIFY ("KEYWORD" NOT NULL ENABLE);
  ALTER TABLE "SYSTEM"."SNS_SEARCH_LOG" MODIFY ("CDATE" NOT NULL ENABLE);
  ALTER TABLE "SYSTEM"."SNS_SEARCH_LOG" ADD PRIMARY KEY ("SEARCH_NO")
  USING INDEX PCTFREE 10 INITRANS 2 MAXTRANS 255 COMPUTE STATISTICS 
  STORAGE(INITIAL 65536 NEXT 1048576 MINEXTENTS 1 MAXEXTENTS 2147483645
  PCTINCREASE 0 FREELISTS 1 FREELIST GROUPS 1
  BUFFER_POOL DEFAULT FLASH_CACHE DEFAULT CELL_FLASH_CACHE DEFAULT)
  TABLESPACE "SYSTEM"  ENABLE;
--------------------------------------------------------
--  Constraints for Table SNS_TAG
--------------------------------------------------------

  ALTER TABLE "SYSTEM"."SNS_TAG" MODIFY ("TAG_NAME" NOT NULL ENABLE);
  ALTER TABLE "SYSTEM"."SNS_TAG" MODIFY ("TAG_TYPE" NOT NULL ENABLE);
  ALTER TABLE "SYSTEM"."SNS_TAG" MODIFY ("ALGO_YN" NOT NULL ENABLE);
  ALTER TABLE "SYSTEM"."SNS_TAG" ADD CONSTRAINT "CK_SNS_TAG_ALGO_YN" CHECK (ALGO_YN IN ('Y', 'N')) ENABLE;
  ALTER TABLE "SYSTEM"."SNS_TAG" ADD PRIMARY KEY ("TAG_NO")
  USING INDEX PCTFREE 10 INITRANS 2 MAXTRANS 255 COMPUTE STATISTICS 
  STORAGE(INITIAL 65536 NEXT 1048576 MINEXTENTS 1 MAXEXTENTS 2147483645
  PCTINCREASE 0 FREELISTS 1 FREELIST GROUPS 1
  BUFFER_POOL DEFAULT FLASH_CACHE DEFAULT CELL_FLASH_CACHE DEFAULT)
  TABLESPACE "SYSTEM"  ENABLE;
  ALTER TABLE "SYSTEM"."SNS_TAG" ADD CONSTRAINT "UK_SNS_TAG_NAME" UNIQUE ("TAG_NAME")
  USING INDEX PCTFREE 10 INITRANS 2 MAXTRANS 255 COMPUTE STATISTICS 
  STORAGE(INITIAL 65536 NEXT 1048576 MINEXTENTS 1 MAXEXTENTS 2147483645
  PCTINCREASE 0 FREELISTS 1 FREELIST GROUPS 1
  BUFFER_POOL DEFAULT FLASH_CACHE DEFAULT CELL_FLASH_CACHE DEFAULT)
  TABLESPACE "SYSTEM"  ENABLE;
--------------------------------------------------------
--  Constraints for Table SNS_USER_ACT_LOG
--------------------------------------------------------

  ALTER TABLE "SYSTEM"."SNS_USER_ACT_LOG" MODIFY ("USER_ID" NOT NULL ENABLE);
  ALTER TABLE "SYSTEM"."SNS_USER_ACT_LOG" MODIFY ("ACT_TYPE" NOT NULL ENABLE);
  ALTER TABLE "SYSTEM"."SNS_USER_ACT_LOG" MODIFY ("SCORE" NOT NULL ENABLE);
  ALTER TABLE "SYSTEM"."SNS_USER_ACT_LOG" MODIFY ("CDATE" NOT NULL ENABLE);
  ALTER TABLE "SYSTEM"."SNS_USER_ACT_LOG" ADD PRIMARY KEY ("LOG_NO")
  USING INDEX PCTFREE 10 INITRANS 2 MAXTRANS 255 COMPUTE STATISTICS 
  STORAGE(INITIAL 65536 NEXT 1048576 MINEXTENTS 1 MAXEXTENTS 2147483645
  PCTINCREASE 0 FREELISTS 1 FREELIST GROUPS 1
  BUFFER_POOL DEFAULT FLASH_CACHE DEFAULT CELL_FLASH_CACHE DEFAULT)
  TABLESPACE "SYSTEM"  ENABLE;
--------------------------------------------------------
--  Constraints for Table SNS_USER_BLOCK
--------------------------------------------------------

  ALTER TABLE "SYSTEM"."SNS_USER_BLOCK" MODIFY ("BLOCKER_ID" NOT NULL ENABLE);
  ALTER TABLE "SYSTEM"."SNS_USER_BLOCK" MODIFY ("BLOCKED_ID" NOT NULL ENABLE);
  ALTER TABLE "SYSTEM"."SNS_USER_BLOCK" MODIFY ("CDATE" NOT NULL ENABLE);
  ALTER TABLE "SYSTEM"."SNS_USER_BLOCK" ADD CONSTRAINT "CK_SNS_BLOCK_SELF" CHECK (BLOCKER_ID <> BLOCKED_ID) ENABLE;
  ALTER TABLE "SYSTEM"."SNS_USER_BLOCK" ADD PRIMARY KEY ("BLOCK_NO")
  USING INDEX PCTFREE 10 INITRANS 2 MAXTRANS 255 COMPUTE STATISTICS 
  STORAGE(INITIAL 65536 NEXT 1048576 MINEXTENTS 1 MAXEXTENTS 2147483645
  PCTINCREASE 0 FREELISTS 1 FREELIST GROUPS 1
  BUFFER_POOL DEFAULT FLASH_CACHE DEFAULT CELL_FLASH_CACHE DEFAULT)
  TABLESPACE "SYSTEM"  ENABLE;
  ALTER TABLE "SYSTEM"."SNS_USER_BLOCK" ADD CONSTRAINT "UK_SNS_USER_BLOCK" UNIQUE ("BLOCKER_ID", "BLOCKED_ID")
  USING INDEX PCTFREE 10 INITRANS 2 MAXTRANS 255 COMPUTE STATISTICS 
  STORAGE(INITIAL 65536 NEXT 1048576 MINEXTENTS 1 MAXEXTENTS 2147483645
  PCTINCREASE 0 FREELISTS 1 FREELIST GROUPS 1
  BUFFER_POOL DEFAULT FLASH_CACHE DEFAULT CELL_FLASH_CACHE DEFAULT)
  TABLESPACE "SYSTEM"  ENABLE;
--------------------------------------------------------
--  Constraints for Table SNS_USER_INTR_SCORE
--------------------------------------------------------

  ALTER TABLE "SYSTEM"."SNS_USER_INTR_SCORE" MODIFY ("USER_ID" NOT NULL ENABLE);
  ALTER TABLE "SYSTEM"."SNS_USER_INTR_SCORE" MODIFY ("SCORE" NOT NULL ENABLE);
  ALTER TABLE "SYSTEM"."SNS_USER_INTR_SCORE" MODIFY ("CDATE" NOT NULL ENABLE);
  ALTER TABLE "SYSTEM"."SNS_USER_INTR_SCORE" ADD PRIMARY KEY ("SCORE_NO")
  USING INDEX PCTFREE 10 INITRANS 2 MAXTRANS 255 COMPUTE STATISTICS 
  STORAGE(INITIAL 65536 NEXT 1048576 MINEXTENTS 1 MAXEXTENTS 2147483645
  PCTINCREASE 0 FREELISTS 1 FREELIST GROUPS 1
  BUFFER_POOL DEFAULT FLASH_CACHE DEFAULT CELL_FLASH_CACHE DEFAULT)
  TABLESPACE "SYSTEM"  ENABLE;
--------------------------------------------------------
--  Constraints for Table SNS_USER_NOTI
--------------------------------------------------------

  ALTER TABLE "SYSTEM"."SNS_USER_NOTI" MODIFY ("USER_ID" NOT NULL ENABLE);
  ALTER TABLE "SYSTEM"."SNS_USER_NOTI" MODIFY ("DM_NOTI" NOT NULL ENABLE);
  ALTER TABLE "SYSTEM"."SNS_USER_NOTI" MODIFY ("COMMENT_NOTI" NOT NULL ENABLE);
  ALTER TABLE "SYSTEM"."SNS_USER_NOTI" MODIFY ("FOLLOW_NOTI" NOT NULL ENABLE);
  ALTER TABLE "SYSTEM"."SNS_USER_NOTI" MODIFY ("LIKE_NOTI" NOT NULL ENABLE);
  ALTER TABLE "SYSTEM"."SNS_USER_NOTI" MODIFY ("UDATE" NOT NULL ENABLE);
  ALTER TABLE "SYSTEM"."SNS_USER_NOTI" ADD CONSTRAINT "PK_SNS_USER_NOTI" PRIMARY KEY ("USER_ID")
  USING INDEX PCTFREE 10 INITRANS 2 MAXTRANS 255 COMPUTE STATISTICS 
  STORAGE(INITIAL 65536 NEXT 1048576 MINEXTENTS 1 MAXEXTENTS 2147483645
  PCTINCREASE 0 FREELISTS 1 FREELIST GROUPS 1
  BUFFER_POOL DEFAULT FLASH_CACHE DEFAULT CELL_FLASH_CACHE DEFAULT)
  TABLESPACE "SYSTEM"  ENABLE;
  ALTER TABLE "SYSTEM"."SNS_USER_NOTI" ADD CONSTRAINT "CK_SNS_USER_NOTI_DM" CHECK (DM_NOTI IN ('Y', 'N')) ENABLE;
  ALTER TABLE "SYSTEM"."SNS_USER_NOTI" ADD CONSTRAINT "CK_SNS_USER_NOTI_COMMENT" CHECK (COMMENT_NOTI IN ('Y', 'N')) ENABLE;
  ALTER TABLE "SYSTEM"."SNS_USER_NOTI" ADD CONSTRAINT "CK_SNS_USER_NOTI_FOLLOW" CHECK (FOLLOW_NOTI IN ('Y', 'N')) ENABLE;
  ALTER TABLE "SYSTEM"."SNS_USER_NOTI" ADD CONSTRAINT "CK_SNS_USER_NOTI_LIKE" CHECK (LIKE_NOTI IN ('Y', 'N')) ENABLE;
--------------------------------------------------------
--  Constraints for Table SNS_USERS
--------------------------------------------------------

  ALTER TABLE "SYSTEM"."SNS_USERS" MODIFY ("USER_PWD" NOT NULL ENABLE);
  ALTER TABLE "SYSTEM"."SNS_USERS" MODIFY ("USER_NAME" NOT NULL ENABLE);
  ALTER TABLE "SYSTEM"."SNS_USERS" MODIFY ("USER_NICKNAME" NOT NULL ENABLE);
  ALTER TABLE "SYSTEM"."SNS_USERS" MODIFY ("USER_PHONE" NOT NULL ENABLE);
  ALTER TABLE "SYSTEM"."SNS_USERS" MODIFY ("USER_BIZ" NOT NULL ENABLE);
  ALTER TABLE "SYSTEM"."SNS_USERS" MODIFY ("USER_STATUS" NOT NULL ENABLE);
  ALTER TABLE "SYSTEM"."SNS_USERS" MODIFY ("CDATE" NOT NULL ENABLE);
  ALTER TABLE "SYSTEM"."SNS_USERS" ADD CONSTRAINT "CK_SNS_USER_BIZ" CHECK (USER_BIZ IN ('Y', 'N')) ENABLE;
  ALTER TABLE "SYSTEM"."SNS_USERS" ADD PRIMARY KEY ("USER_ID")
  USING INDEX PCTFREE 10 INITRANS 2 MAXTRANS 255 COMPUTE STATISTICS 
  STORAGE(INITIAL 65536 NEXT 1048576 MINEXTENTS 1 MAXEXTENTS 2147483645
  PCTINCREASE 0 FREELISTS 1 FREELIST GROUPS 1
  BUFFER_POOL DEFAULT FLASH_CACHE DEFAULT CELL_FLASH_CACHE DEFAULT)
  TABLESPACE "SYSTEM"  ENABLE;
  ALTER TABLE "SYSTEM"."SNS_USERS" ADD UNIQUE ("USER_NICKNAME")
  USING INDEX PCTFREE 10 INITRANS 2 MAXTRANS 255 COMPUTE STATISTICS 
  STORAGE(INITIAL 65536 NEXT 1048576 MINEXTENTS 1 MAXEXTENTS 2147483645
  PCTINCREASE 0 FREELISTS 1 FREELIST GROUPS 1
  BUFFER_POOL DEFAULT FLASH_CACHE DEFAULT CELL_FLASH_CACHE DEFAULT)
  TABLESPACE "SYSTEM"  ENABLE;
  ALTER TABLE "SYSTEM"."SNS_USERS" MODIFY ("RELATION_BADGE" NOT NULL ENABLE);
  ALTER TABLE "SYSTEM"."SNS_USERS" MODIFY ("ACCOUNT_VISIBLE" NOT NULL ENABLE);
  ALTER TABLE "SYSTEM"."SNS_USERS" ADD CONSTRAINT "CK_SNS_USERS_ACCOUNT_VISIBLE" CHECK (ACCOUNT_VISIBLE IN ('PUB', 'PRV')) ENABLE;
--------------------------------------------------------
--  Ref Constraints for Table SNS_AD_LINK
--------------------------------------------------------

  ALTER TABLE "SYSTEM"."SNS_AD_LINK" ADD CONSTRAINT "FK_AD_LINK_POST" FOREIGN KEY ("POST_NO")
	  REFERENCES "SYSTEM"."SNS_POST" ("POST_NO") ON DELETE CASCADE ENABLE;
--------------------------------------------------------
--  Ref Constraints for Table SNS_AD_POST_TAG
--------------------------------------------------------

  ALTER TABLE "SYSTEM"."SNS_AD_POST_TAG" ADD CONSTRAINT "FK_AD_POST_TAG_POST" FOREIGN KEY ("POST_NO")
	  REFERENCES "SYSTEM"."SNS_POST" ("POST_NO") ON DELETE CASCADE ENABLE;
  ALTER TABLE "SYSTEM"."SNS_AD_POST_TAG" ADD CONSTRAINT "FK_AD_POST_TAG_TAG" FOREIGN KEY ("AD_TAG_NO")
	  REFERENCES "SYSTEM"."SNS_AD_TAG" ("AD_TAG_NO") ENABLE;
--------------------------------------------------------
--  Ref Constraints for Table SNS_COMMENTS
--------------------------------------------------------

  ALTER TABLE "SYSTEM"."SNS_COMMENTS" ADD CONSTRAINT "FK_SNS_COMMENTS_POST" FOREIGN KEY ("POST_NO")
	  REFERENCES "SYSTEM"."SNS_POST" ("POST_NO") ON DELETE CASCADE ENABLE;
  ALTER TABLE "SYSTEM"."SNS_COMMENTS" ADD CONSTRAINT "FK_SNS_COMMENTS_USER" FOREIGN KEY ("USER_ID")
	  REFERENCES "SYSTEM"."SNS_USERS" ("USER_ID") ENABLE;
  ALTER TABLE "SYSTEM"."SNS_COMMENTS" ADD CONSTRAINT "FK_SNS_COMMENTS_PARENT" FOREIGN KEY ("PARENT_COMMENT_NO")
	  REFERENCES "SYSTEM"."SNS_COMMENTS" ("COMMENT_NO") ENABLE;
--------------------------------------------------------
--  Ref Constraints for Table SNS_DM_MESSAGE
--------------------------------------------------------

  ALTER TABLE "SYSTEM"."SNS_DM_MESSAGE" ADD CONSTRAINT "FK_DM_MESSAGE_USER" FOREIGN KEY ("USER_ID")
	  REFERENCES "SYSTEM"."SNS_USERS" ("USER_ID") ENABLE;
  ALTER TABLE "SYSTEM"."SNS_DM_MESSAGE" ADD CONSTRAINT "FK_DM_MESSAGE_ROOM" FOREIGN KEY ("ROOM_NO")
	  REFERENCES "SYSTEM"."SNS_DM_ROOM" ("ROOM_NO") ENABLE;
--------------------------------------------------------
--  Ref Constraints for Table SNS_DM_ROOM_USER
--------------------------------------------------------

  ALTER TABLE "SYSTEM"."SNS_DM_ROOM_USER" ADD CONSTRAINT "FK_DM_ROOM_USER_USER" FOREIGN KEY ("USER_ID")
	  REFERENCES "SYSTEM"."SNS_USERS" ("USER_ID") ENABLE;
  ALTER TABLE "SYSTEM"."SNS_DM_ROOM_USER" ADD CONSTRAINT "FK_DM_ROOM_USER_ROOM" FOREIGN KEY ("ROOM_NO")
	  REFERENCES "SYSTEM"."SNS_DM_ROOM" ("ROOM_NO") ENABLE;
--------------------------------------------------------
--  Ref Constraints for Table SNS_FAVORITE_FOLDER
--------------------------------------------------------

  ALTER TABLE "SYSTEM"."SNS_FAVORITE_FOLDER" ADD CONSTRAINT "FK_SNS_FAV_FOLDER_USER" FOREIGN KEY ("USER_ID")
	  REFERENCES "SYSTEM"."SNS_USERS" ("USER_ID") ENABLE;
--------------------------------------------------------
--  Ref Constraints for Table SNS_FAVORITE_PLACE
--------------------------------------------------------

  ALTER TABLE "SYSTEM"."SNS_FAVORITE_PLACE" ADD CONSTRAINT "FK_SNS_FAV_PLACE_FOLDER" FOREIGN KEY ("FOLDER_NO")
	  REFERENCES "SYSTEM"."SNS_FAVORITE_FOLDER" ("FOLDER_NO") ENABLE;
  ALTER TABLE "SYSTEM"."SNS_FAVORITE_PLACE" ADD CONSTRAINT "FK_SNS_FAV_PLACE_USER" FOREIGN KEY ("USER_ID")
	  REFERENCES "SYSTEM"."SNS_USERS" ("USER_ID") ENABLE;
--------------------------------------------------------
--  Ref Constraints for Table SNS_FOLLOW_REQUEST
--------------------------------------------------------

  ALTER TABLE "SYSTEM"."SNS_FOLLOW_REQUEST" ADD CONSTRAINT "FK_FOLLOW_REQ_REQUESTER" FOREIGN KEY ("REQUESTER_ID")
	  REFERENCES "SYSTEM"."SNS_USERS" ("USER_ID") ENABLE;
  ALTER TABLE "SYSTEM"."SNS_FOLLOW_REQUEST" ADD CONSTRAINT "FK_FOLLOW_REQ_RECEIVER" FOREIGN KEY ("RECEIVER_ID")
	  REFERENCES "SYSTEM"."SNS_USERS" ("USER_ID") ENABLE;
--------------------------------------------------------
--  Ref Constraints for Table SNS_FOLLOWS
--------------------------------------------------------

  ALTER TABLE "SYSTEM"."SNS_FOLLOWS" ADD CONSTRAINT "FK_SNS_FOLLOWS_FOLLOWER" FOREIGN KEY ("FOLLOWER_ID")
	  REFERENCES "SYSTEM"."SNS_USERS" ("USER_ID") ENABLE;
  ALTER TABLE "SYSTEM"."SNS_FOLLOWS" ADD CONSTRAINT "FK_SNS_FOLLOWS_FOLLOWING" FOREIGN KEY ("FOLLOWING_ID")
	  REFERENCES "SYSTEM"."SNS_USERS" ("USER_ID") ENABLE;
--------------------------------------------------------
--  Ref Constraints for Table SNS_NOTIFICATION
--------------------------------------------------------

  ALTER TABLE "SYSTEM"."SNS_NOTIFICATION" ADD CONSTRAINT "FK_SNS_NOTI_USER" FOREIGN KEY ("USER_ID")
	  REFERENCES "SYSTEM"."SNS_USERS" ("USER_ID") ENABLE;
  ALTER TABLE "SYSTEM"."SNS_NOTIFICATION" ADD CONSTRAINT "FK_SNS_NOTI_SENDER" FOREIGN KEY ("SENDER_ID")
	  REFERENCES "SYSTEM"."SNS_USERS" ("USER_ID") ENABLE;
--------------------------------------------------------
--  Ref Constraints for Table SNS_POST
--------------------------------------------------------

  ALTER TABLE "SYSTEM"."SNS_POST" ADD CONSTRAINT "FK_SNS_POST_USER" FOREIGN KEY ("USER_ID")
	  REFERENCES "SYSTEM"."SNS_USERS" ("USER_ID") ENABLE;
  ALTER TABLE "SYSTEM"."SNS_POST" ADD CONSTRAINT "FK_SNS_POST_CATEGORY" FOREIGN KEY ("CATEGORY_NO")
	  REFERENCES "SYSTEM"."SNS_CATEGORY" ("CATEGORY_NO") ENABLE;
--------------------------------------------------------
--  Ref Constraints for Table SNS_POST_FILE
--------------------------------------------------------

  ALTER TABLE "SYSTEM"."SNS_POST_FILE" ADD CONSTRAINT "FK_SNS_POST_FILE_POST" FOREIGN KEY ("POST_NO")
	  REFERENCES "SYSTEM"."SNS_POST" ("POST_NO") ON DELETE CASCADE ENABLE;
--------------------------------------------------------
--  Ref Constraints for Table SNS_POST_LIKE
--------------------------------------------------------

  ALTER TABLE "SYSTEM"."SNS_POST_LIKE" ADD CONSTRAINT "FK_SNS_POST_LIKE_POST" FOREIGN KEY ("POST_NO")
	  REFERENCES "SYSTEM"."SNS_POST" ("POST_NO") ON DELETE CASCADE ENABLE;
  ALTER TABLE "SYSTEM"."SNS_POST_LIKE" ADD CONSTRAINT "FK_SNS_POST_LIKE_USER" FOREIGN KEY ("USER_ID")
	  REFERENCES "SYSTEM"."SNS_USERS" ("USER_ID") ENABLE;
--------------------------------------------------------
--  Ref Constraints for Table SNS_POST_TAG
--------------------------------------------------------

  ALTER TABLE "SYSTEM"."SNS_POST_TAG" ADD CONSTRAINT "FK_SNS_POST_TAG_POST" FOREIGN KEY ("POST_NO")
	  REFERENCES "SYSTEM"."SNS_POST" ("POST_NO") ON DELETE CASCADE ENABLE;
  ALTER TABLE "SYSTEM"."SNS_POST_TAG" ADD CONSTRAINT "FK_SNS_POST_TAG_TAG" FOREIGN KEY ("TAG_NO")
	  REFERENCES "SYSTEM"."SNS_TAG" ("TAG_NO") ENABLE;
--------------------------------------------------------
--  Ref Constraints for Table SNS_REPORT
--------------------------------------------------------

  ALTER TABLE "SYSTEM"."SNS_REPORT" ADD CONSTRAINT "FK_SNS_REPORT_USER" FOREIGN KEY ("REPORTER_ID")
	  REFERENCES "SYSTEM"."SNS_USERS" ("USER_ID") ENABLE;
--------------------------------------------------------
--  Ref Constraints for Table SNS_SEARCH_LOG
--------------------------------------------------------

  ALTER TABLE "SYSTEM"."SNS_SEARCH_LOG" ADD CONSTRAINT "FK_SNS_SEARCH_LOG_USER" FOREIGN KEY ("USER_ID")
	  REFERENCES "SYSTEM"."SNS_USERS" ("USER_ID") ENABLE;
--------------------------------------------------------
--  Ref Constraints for Table SNS_USER_ACT_LOG
--------------------------------------------------------

  ALTER TABLE "SYSTEM"."SNS_USER_ACT_LOG" ADD CONSTRAINT "FK_SNS_ACT_LOG_USER" FOREIGN KEY ("USER_ID")
	  REFERENCES "SYSTEM"."SNS_USERS" ("USER_ID") ENABLE;
--------------------------------------------------------
--  Ref Constraints for Table SNS_USER_BLOCK
--------------------------------------------------------

  ALTER TABLE "SYSTEM"."SNS_USER_BLOCK" ADD CONSTRAINT "FK_SNS_BLOCK_BLOCKER" FOREIGN KEY ("BLOCKER_ID")
	  REFERENCES "SYSTEM"."SNS_USERS" ("USER_ID") ENABLE;
  ALTER TABLE "SYSTEM"."SNS_USER_BLOCK" ADD CONSTRAINT "FK_SNS_BLOCK_BLOCKED" FOREIGN KEY ("BLOCKED_ID")
	  REFERENCES "SYSTEM"."SNS_USERS" ("USER_ID") ENABLE;
--------------------------------------------------------
--  Ref Constraints for Table SNS_USER_INTR_SCORE
--------------------------------------------------------

  ALTER TABLE "SYSTEM"."SNS_USER_INTR_SCORE" ADD CONSTRAINT "FK_SNS_INTR_USER" FOREIGN KEY ("USER_ID")
	  REFERENCES "SYSTEM"."SNS_USERS" ("USER_ID") ENABLE;
  ALTER TABLE "SYSTEM"."SNS_USER_INTR_SCORE" ADD CONSTRAINT "FK_SNS_INTR_TAG" FOREIGN KEY ("TAG_NO")
	  REFERENCES "SYSTEM"."SNS_TAG" ("TAG_NO") ENABLE;
  ALTER TABLE "SYSTEM"."SNS_USER_INTR_SCORE" ADD CONSTRAINT "FK_SNS_INTR_CATEGORY" FOREIGN KEY ("CATEGORY_NO")
	  REFERENCES "SYSTEM"."SNS_CATEGORY" ("CATEGORY_NO") ENABLE;
--------------------------------------------------------
--  Ref Constraints for Table SNS_USER_NOTI
--------------------------------------------------------

  ALTER TABLE "SYSTEM"."SNS_USER_NOTI" ADD CONSTRAINT "FK_SNS_USER_NOTI_USER" FOREIGN KEY ("USER_ID")
	  REFERENCES "SYSTEM"."SNS_USERS" ("USER_ID") ENABLE;
